device_id,device_type,operating_system,device_age_days,device_risk_score,customers_using_device,is_emulator,is_rooted_or_modified
DEV-10000,mobile,Android,536,0.81,1,0,0
DEV-12000,mobile,Android,30,67.56,5,0,0
DEV-10001,mobile,Android,609,33.15,1,0,0
DEV-10002,mobile,Android,139,20.48,1,0,0
DEV-10003,mobile,Android,491,6.7,1,0,0
DEV-10004,mobile,Android,50,38.4,1,0,0
DEV-10005,mobile,Android,267,12.96,1,0,0
DEV-12001,mobile,Android,61,50.62,5,0,0
DEV-10006,mobile,Android,867,47.95,1,0,0
DEV-10007,mobile,Android,339,60.65,1,0,0
DEV-10008,mobile,Android,269,0.2,1,0,0
DEV-10009,mobile,Android,640,36.54,1,0,0
DEV-10010,mobile,Android,372,25.98,1,0,0
DEV-12002,mobile,Android,70,19.06,5,0,0
DEV-10011,mobile,Android,576,64.59,1,0,0
DEV-10012,mobile,Android,329,12.83,1,0,0
DEV-10013,mobile,Android,892,38.06,1,0,0
DEV-10014,mobile,Android,459,6.71,1,0,0
DEV-10015,mobile,Android,472,45.77,1,0,0
DEV-12003,mobile,Android,68,16.08,5,0,0
DEV-10016,mobile,Android,380,33.98,1,0,0
DEV-10017,mobile,Android,874,25.61,1,0,0
DEV-10018,mobile,Android,297,21.34,1,0,0
DEV-10019,mobile,Android,237,45.6,1,0,0
DEV-10020,mobile,Android,263,49.53,1,0,0
DEV-12004,mobile,Android,1,51.88,5,0,0
DEV-10021,mobile,Android,751,46.59,1,0,0
DEV-10022,mobile,Android,119,20.76,1,0,0
DEV-10023,mobile,Android,211,60.04,1,0,0
DEV-10024,mobile,Android,339,56.61,1,0,0
DEV-10025,mobile,Android,480,8.59,1,0,0
DEV-12005,mobile,Android,89,66.33,5,0,0
DEV-10026,mobile,Android,220,9.33,1,0,0
DEV-10027,mobile,Android,110,35.19,1,0,0
DEV-10028,mobile,Android,419,64.84,1,0,0
DEV-10029,mobile,Android,181,31.99,1,0,0
DEV-10030,mobile,Android,272,28.08,1,0,0
DEV-12006,mobile,Android,3,33.94,5,0,0
DEV-10031,mobile,Android,469,34.44,1,0,0
DEV-10032,mobile,Android,234,15.17,1,0,0
DEV-10033,mobile,Android,972,61.69,1,0,0
DEV-10034,mobile,Android,368,10.66,1,0,0
DEV-10035,mobile,Android,429,16.85,1,0,0
DEV-12007,mobile,Android,29,24.64,5,0,0
DEV-10036,mobile,Android,429,49.56,1,0,0
DEV-10037,mobile,Android,685,2.72,1,0,0
DEV-10038,mobile,Android,395,39.9,1,0,0
DEV-10039,mobile,Android,606,51.11,1,0,0
DEV-10040,mobile,Android,507,29.4,1,0,0
DEV-12008,mobile,Android,69,40.08,5,0,0
DEV-10041,mobile,Android,43,30.71,1,0,0
DEV-10042,mobile,Android,149,64.43,1,0,0
DEV-10043,mobile,Android,569,10.01,1,0,0
DEV-10044,mobile,Android,496,33.76,1,0,0
DEV-10045,mobile,Android,273,62.99,1,0,0
DEV-12009,mobile,Android,57,27.51,5,0,0
DEV-10046,mobile,Android,506,4.24,1,0,0
DEV-10047,mobile,Android,426,1.88,1,0,0
DEV-10048,mobile,Android,701,25.77,1,0,0
DEV-10049,mobile,Android,178,62.94,1,0,0
DEV-10050,mobile,Android,326,50.16,1,0,0
DEV-12010,mobile,Android,45,46.86,5,0,0
DEV-10051,mobile,Android,333,29.77,1,0,0
DEV-10052,mobile,Android,57,7.8,1,0,0
DEV-10053,mobile,Android,551,61.92,1,0,0
DEV-10054,mobile,Android,608,46.55,1,0,0
DEV-10055,mobile,Android,832,8.04,1,0,0
DEV-12011,mobile,Android,56,22.51,5,0,0
DEV-10056,mobile,Android,687,22.87,1,0,0
DEV-10057,mobile,Android,519,24.23,1,0,0
DEV-10058,mobile,Android,116,26.83,1,0,0
DEV-10059,mobile,Android,686,53.41,1,0,0
DEV-10060,mobile,Android,113,9.11,1,0,0
DEV-12012,mobile,Android,21,67.56,5,0,0
DEV-10061,mobile,Android,188,17.66,1,0,0
DEV-10062,mobile,Android,559,27.41,1,0,0
DEV-10063,mobile,Android,982,31.73,1,0,0
DEV-10064,mobile,Android,755,46.57,1,0,0
DEV-10065,mobile,Android,417,30.99,1,0,0
DEV-12013,mobile,Android,75,59.33,5,0,0
DEV-10066,mobile,Android,569,22.88,1,0,0
DEV-10067,mobile,Android,321,64.46,1,0,0
DEV-10068,mobile,Android,924,2.02,1,0,0
DEV-10069,mobile,Android,122,55.83,1,0,0
DEV-10070,mobile,Android,230,39.22,1,0,0
DEV-12014,mobile,Android,81,64.62,5,0,0
DEV-10071,mobile,Android,632,6.93,1,0,0
DEV-10072,mobile,Android,444,52.4,1,0,0
DEV-10073,mobile,Android,813,3.52,1,0,0
DEV-10074,mobile,Android,21,12.14,1,0,0
DEV-10075,mobile,Android,220,4.16,1,0,0
DEV-12015,mobile,Android,18,16.96,5,0,0
DEV-10076,mobile,Android,560,32.95,1,0,0
DEV-10077,mobile,Android,391,59.58,1,0,0
DEV-10078,mobile,Android,488,64.13,1,0,0
DEV-10079,mobile,Android,628,62.81,1,0,0
DEV-10080,mobile,Android,18,6.26,1,0,0
DEV-12016,mobile,Android,44,49.32,5,0,0
DEV-10081,mobile,Android,617,46.81,1,0,0
DEV-10082,mobile,Android,171,47.27,1,0,0
DEV-10083,mobile,Android,855,37.16,1,0,0
DEV-10084,mobile,Android,697,61.84,1,0,0
DEV-10085,mobile,Android,136,35.68,1,0,0
DEV-12017,mobile,Android,46,56.27,5,0,0
DEV-10086,mobile,Android,812,13.86,1,0,0
DEV-10087,mobile,Android,576,26.88,1,0,0
DEV-10088,mobile,Android,306,10.49,1,0,0
DEV-10089,mobile,Android,834,42.14,1,0,0
DEV-10090,mobile,Android,827,42.84,1,0,0
DEV-12018,mobile,Android,92,6.9,5,0,0
DEV-10091,mobile,Android,989,54.02,1,0,0
DEV-10092,mobile,Android,975,43.99,1,0,0
DEV-10093,mobile,Android,149,43.31,1,0,0
DEV-10094,mobile,Android,949,2.78,1,0,0
DEV-10095,mobile,Android,790,59.21,1,0,0
DEV-12019,mobile,Android,25,20.14,5,0,0
DEV-10096,mobile,Android,201,28.73,1,0,0
DEV-10097,mobile,Android,233,56.53,1,0,0
DEV-10098,mobile,Android,410,48.6,1,0,0
DEV-10099,mobile,Android,401,17.42,1,0,0
DEV-10100,mobile,Android,221,35.43,1,0,0
DEV-12020,mobile,Android,49,7.55,5,0,0
DEV-10101,mobile,Android,34,14.4,1,0,0
DEV-10102,mobile,Android,226,25.48,1,0,0
DEV-10103,mobile,Android,731,2.11,1,0,0
DEV-10104,mobile,Android,446,2.6,1,0,0
DEV-10105,mobile,Android,909,3.06,1,0,0
DEV-12021,mobile,Android,1,68.52,5,0,0
DEV-10106,mobile,Android,995,12.32,1,0,0
DEV-10107,mobile,Android,647,33.64,1,0,0
DEV-10108,mobile,Android,20,3.98,1,0,0
DEV-10109,mobile,Android,607,12.02,1,0,0
DEV-10110,mobile,Android,324,23.41,1,0,0
DEV-12022,mobile,Android,95,84.98,5,0,0
DEV-10111,mobile,Android,351,43.01,1,0,0
DEV-10112,mobile,Android,90,33.49,1,0,0
DEV-10113,mobile,Android,351,57.1,1,0,0
DEV-10114,mobile,Android,216,19.43,1,0,0
DEV-10115,mobile,Android,902,21.62,1,0,0
DEV-12023,mobile,Android,40,5.25,5,0,0
DEV-10116,mobile,Android,51,58.81,1,0,0
DEV-10117,mobile,Android,990,35.3,1,0,0
DEV-10118,mobile,Android,672,5.48,1,0,0
DEV-10119,mobile,Android,857,32.64,1,0,0
DEV-10120,mobile,Android,356,7.13,1,0,0
DEV-12024,mobile,Android,63,24.37,5,0,0
DEV-10121,mobile,Android,902,30.83,1,0,0
DEV-10122,mobile,Android,773,44.59,1,0,0
DEV-10123,mobile,Android,826,49.56,1,0,0
DEV-10124,mobile,Android,533,16.28,1,0,0
DEV-10125,mobile,Android,395,63.28,1,0,0
DEV-12025,mobile,Android,74,61.77,5,0,0
DEV-10126,mobile,Android,828,41.48,1,0,0
DEV-10127,mobile,Android,522,14.61,1,0,0
DEV-10128,mobile,Android,950,21.63,1,0,0
DEV-10129,mobile,Android,738,47.74,1,0,0
DEV-10130,mobile,Android,440,20.0,1,0,0
DEV-12026,mobile,Android,30,46.99,5,0,0
DEV-10131,mobile,Android,152,62.7,1,0,0
DEV-10132,mobile,Android,96,61.3,1,0,0
DEV-10133,mobile,Android,737,59.73,1,0,0
DEV-10134,mobile,Android,48,44.65,1,0,0
DEV-10135,mobile,Android,387,51.68,1,0,0
DEV-12027,mobile,Android,97,11.85,5,0,0
DEV-10136,mobile,Android,394,25.52,1,0,0
DEV-10137,mobile,Android,46,25.37,1,0,0
DEV-10138,mobile,Android,632,26.7,1,0,0
DEV-10139,mobile,Android,683,61.17,1,0,0
DEV-10140,mobile,Android,206,11.82,1,0,0
DEV-12028,mobile,Android,43,70.65,5,0,0
DEV-10141,mobile,Android,707,7.34,1,0,0
DEV-10142,mobile,Android,812,7.2,1,0,0
DEV-10143,mobile,Android,120,17.76,1,0,0
DEV-10144,mobile,Android,516,17.25,1,0,0
DEV-10145,mobile,Android,281,64.22,1,0,0
DEV-12029,mobile,Android,63,84.35,5,0,0
DEV-10146,mobile,Android,146,28.69,1,0,0
DEV-10147,mobile,Android,133,11.75,1,0,0
DEV-10148,mobile,Android,578,48.73,1,0,0
DEV-10149,mobile,Android,844,9.1,1,0,0
DEV-10150,mobile,Android,782,16.8,1,0,0
DEV-12030,mobile,Android,7,74.22,5,0,0
DEV-10151,mobile,Android,217,32.62,1,0,0
DEV-10152,mobile,Android,575,49.22,1,0,0
DEV-10153,mobile,Android,518,29.42,1,0,0
DEV-10154,mobile,Android,570,59.74,1,0,0
DEV-10155,mobile,Android,403,0.75,1,0,0
DEV-12031,mobile,Android,80,45.92,5,0,0
DEV-10156,mobile,Android,464,32.17,1,0,0
DEV-10157,mobile,Android,904,23.51,1,0,0
DEV-10158,mobile,Android,906,19.75,1,0,0
DEV-10159,mobile,Android,920,43.18,1,0,0
DEV-10160,mobile,Android,27,20.84,1,0,0
DEV-12032,mobile,Android,93,63.66,5,0,0
DEV-10161,mobile,Android,386,7.02,1,0,0
DEV-10162,mobile,Android,63,12.89,1,0,0
DEV-10163,mobile,Android,318,25.7,1,0,0
DEV-10164,mobile,Android,615,33.41,1,0,0
DEV-10165,mobile,Android,953,57.92,1,0,0
DEV-12033,mobile,Android,40,6.22,5,0,0
DEV-10166,mobile,Android,130,19.87,1,0,0
DEV-10167,mobile,Android,189,38.54,1,0,0
DEV-10168,mobile,Android,274,25.94,1,0,0
DEV-10169,mobile,Android,90,52.15,1,0,0
DEV-10170,mobile,Android,934,45.74,1,0,0
DEV-12034,mobile,Android,23,35.69,5,0,0
DEV-10171,mobile,Android,355,6.18,1,0,0
DEV-10172,mobile,Android,587,37.38,1,0,0
DEV-10173,mobile,Android,874,51.29,1,0,0
DEV-10174,mobile,Android,493,11.86,1,0,0
DEV-10175,mobile,Android,782,54.64,1,0,0
DEV-12035,mobile,Android,99,33.95,5,0,0
DEV-10176,mobile,Android,916,5.55,1,0,0
DEV-10177,mobile,Android,554,10.61,1,0,0
DEV-10178,mobile,Android,27,51.12,1,0,0
DEV-10179,mobile,Android,685,13.92,1,0,0
DEV-10180,mobile,Android,903,62.27,1,0,0
DEV-12036,mobile,Android,36,73.56,5,0,0
DEV-10181,mobile,Android,420,56.94,1,0,0
DEV-10182,mobile,Android,575,50.7,1,0,0
DEV-10183,mobile,Android,360,44.35,1,0,0
DEV-10184,mobile,Android,706,25.16,1,0,0
DEV-10185,mobile,Android,823,11.72,1,0,0
DEV-12037,mobile,Android,13,23.15,5,0,0
DEV-10186,mobile,Android,759,35.64,1,0,0
DEV-10187,mobile,Android,549,64.35,1,0,0
DEV-10188,mobile,Android,36,7.71,1,0,0
DEV-10189,mobile,Android,995,39.34,1,0,0
DEV-10190,mobile,Android,107,20.2,1,0,0
DEV-12038,mobile,Android,25,75.04,5,0,0
DEV-10191,mobile,Android,50,31.27,1,0,0
DEV-10192,mobile,Android,410,8.97,1,0,0
DEV-10193,mobile,Android,20,16.98,1,0,0
DEV-10194,mobile,Android,660,3.85,1,0,0
DEV-10195,mobile,Android,387,11.82,1,0,0
DEV-12039,mobile,Android,3,41.85,5,0,0
DEV-10196,mobile,Android,680,45.73,1,0,0
DEV-10197,mobile,Android,299,3.63,1,0,0
DEV-10198,mobile,Android,461,26.61,1,0,0
DEV-10199,mobile,Android,891,19.51,1,0,0
DEV-10200,mobile,Android,699,0.51,1,0,0
DEV-12040,mobile,Android,99,25.74,5,0,0
DEV-10201,mobile,Android,602,46.67,1,0,0
DEV-10202,mobile,Android,827,3.9,1,0,0
DEV-10203,mobile,Android,381,28.13,1,0,0
DEV-10204,mobile,Android,926,18.25,1,0,0
DEV-10205,mobile,Android,362,43.28,1,0,0
DEV-12041,mobile,Android,46,14.99,5,0,0
DEV-10206,mobile,Android,533,46.06,1,0,0
DEV-10207,mobile,Android,971,26.34,1,0,0
DEV-10208,mobile,Android,295,24.97,1,0,0
DEV-10209,mobile,Android,905,3.99,1,0,0
DEV-10210,mobile,Android,229,22.02,1,0,0
DEV-12042,mobile,Android,30,67.42,5,0,0
DEV-10211,mobile,Android,374,8.68,1,0,0
DEV-10212,mobile,Android,947,28.5,1,0,0
DEV-10213,mobile,Android,596,28.88,1,0,0
DEV-10214,mobile,Android,576,58.51,1,0,0
DEV-10215,mobile,Android,727,29.24,1,0,0
DEV-12043,mobile,Android,78,14.17,5,0,0
DEV-10216,mobile,Android,438,42.35,1,0,0
DEV-10217,mobile,Android,438,27.63,1,0,0
DEV-10218,mobile,Android,420,31.41,1,0,0
DEV-10219,mobile,Android,14,10.82,1,0,0
DEV-10220,mobile,Android,491,25.03,1,0,0
DEV-12044,mobile,Android,90,24.32,5,0,0
DEV-10221,mobile,Android,175,62.32,1,0,0
DEV-10222,mobile,Android,643,54.6,1,0,0
DEV-10223,mobile,Android,542,21.3,1,0,0
DEV-10224,mobile,Android,937,12.76,1,0,0
DEV-10225,mobile,Android,655,22.2,1,0,0
DEV-12045,mobile,Android,76,66.13,5,0,0
DEV-10226,mobile,Android,560,21.3,1,0,0
DEV-10227,mobile,Android,331,53.84,1,0,0
DEV-10228,mobile,Android,95,54.81,1,0,0
DEV-10229,mobile,Android,707,38.21,1,0,0
DEV-10230,mobile,Android,65,52.33,1,0,0
DEV-12046,mobile,Android,3,32.27,5,0,0
DEV-10231,mobile,Android,26,31.2,1,0,0
DEV-10232,mobile,Android,899,1.98,1,0,0
DEV-10233,mobile,Android,23,17.51,1,0,0
DEV-10234,mobile,Android,884,20.49,1,0,0
DEV-10235,mobile,Android,611,56.07,1,0,0
DEV-12047,mobile,Android,78,50.39,5,0,0
DEV-10236,mobile,Android,163,63.18,1,0,0
DEV-10237,mobile,Android,309,35.18,1,0,0
DEV-10238,mobile,Android,968,15.9,1,0,0
DEV-10239,mobile,Android,725,43.84,1,0,0
DEV-10240,mobile,Android,715,47.43,1,0,0
DEV-12048,mobile,Android,21,78.07,5,0,0
DEV-10241,mobile,Android,570,31.08,1,0,0
DEV-10242,mobile,Android,768,13.64,1,0,0
DEV-10243,mobile,Android,428,55.35,1,0,0
DEV-10244,mobile,Android,919,7.2,1,0,0
DEV-10245,mobile,Android,919,36.96,1,0,0
DEV-12049,mobile,Android,8,82.54,5,0,0
DEV-10246,mobile,Android,509,50.02,1,0,0
DEV-10247,mobile,Android,988,56.46,1,0,0
DEV-10248,mobile,Android,949,23.41,1,0,0
DEV-10249,mobile,Android,111,40.71,1,0,0
DEV-10250,mobile,Android,331,36.28,1,0,0
DEV-12050,mobile,Android,90,75.03,5,0,0
DEV-10251,mobile,Android,188,25.69,1,0,0
DEV-10252,mobile,Android,253,36.97,1,0,0
DEV-10253,mobile,Android,622,20.07,1,0,0
DEV-10254,mobile,Android,39,9.32,1,0,0
DEV-10255,mobile,Android,10,50.52,1,0,0
DEV-12051,mobile,Android,67,75.44,5,0,0
DEV-10256,mobile,Android,321,55.96,1,0,0
DEV-10257,mobile,Android,908,15.26,1,0,0
DEV-10258,mobile,Android,619,60.76,1,0,0
DEV-10259,mobile,Android,221,61.36,1,0,0
DEV-10260,mobile,Android,814,0.35,1,0,0
DEV-12052,mobile,Android,25,54.3,5,0,0
DEV-10261,mobile,Android,854,36.65,1,0,0
DEV-10262,mobile,Android,643,63.93,1,0,0
DEV-10263,mobile,Android,215,51.54,1,0,0
DEV-10264,mobile,Android,598,52.57,1,0,0
DEV-10265,mobile,Android,747,3.42,1,0,0
DEV-12053,mobile,Android,13,77.74,5,0,0
DEV-10266,mobile,Android,995,42.67,1,0,0
DEV-10267,mobile,Android,623,14.15,1,0,0
DEV-10268,mobile,Android,588,54.0,1,0,0
DEV-10269,mobile,Android,969,56.87,1,0,0
DEV-10270,mobile,Android,620,53.11,1,0,0
DEV-12054,mobile,Android,61,70.41,5,0,0
DEV-10271,mobile,Android,151,15.38,1,0,0
DEV-10272,mobile,Android,755,64.6,1,0,0
DEV-10273,mobile,Android,277,6.76,1,0,0
DEV-10274,mobile,Android,236,33.17,1,0,0
DEV-10275,mobile,Android,921,57.92,1,0,0
DEV-12055,mobile,Android,85,24.49,5,0,0
DEV-10276,mobile,Android,772,39.68,1,0,0
DEV-10277,mobile,Android,547,1.76,1,0,0
DEV-10278,mobile,Android,996,11.94,1,0,0
DEV-10279,mobile,Android,832,27.21,1,0,0
DEV-10280,mobile,Android,807,58.1,1,0,0
DEV-12056,mobile,Android,73,48.29,5,0,0
DEV-10281,mobile,Android,147,18.97,1,0,0
DEV-10282,mobile,Android,649,52.74,1,0,0
DEV-10283,mobile,Android,582,60.81,1,0,0
DEV-10284,mobile,Android,317,10.38,1,0,0
DEV-10285,mobile,Android,31,29.19,1,0,0
DEV-12057,mobile,Android,71,80.29,5,0,0
DEV-10286,mobile,Android,830,52.59,1,0,0
DEV-10287,mobile,Android,167,56.52,1,0,0
DEV-10288,mobile,Android,593,56.51,1,0,0
DEV-10289,mobile,Android,453,38.69,1,0,0
DEV-10290,mobile,Android,506,8.23,1,0,0
DEV-12058,mobile,Android,6,61.35,5,0,0
DEV-10291,mobile,Android,220,63.63,1,0,0
DEV-10292,mobile,Android,272,36.37,1,0,0
DEV-10293,mobile,Android,476,7.17,1,0,0
DEV-10294,mobile,Android,574,30.22,1,0,0
DEV-10295,mobile,Android,341,33.87,1,0,0
DEV-12059,mobile,Android,48,20.38,5,0,0
DEV-10296,mobile,Android,946,32.49,1,0,0
DEV-10297,mobile,Android,363,35.97,1,0,0
DEV-10298,mobile,Android,562,49.69,1,0,0
DEV-10299,mobile,Android,102,3.62,1,0,0
DEV-10300,mobile,Android,861,3.95,1,0,0
DEV-12060,mobile,Android,80,34.34,5,0,0
DEV-10301,mobile,Android,493,40.33,1,0,0
DEV-10302,mobile,Android,686,43.65,1,0,0
DEV-10303,mobile,Android,864,7.54,1,0,0
DEV-10304,mobile,Android,855,36.4,1,0,0
DEV-10305,mobile,Android,765,10.07,1,0,0
DEV-12061,mobile,Android,88,53.23,5,0,0
DEV-10306,mobile,Android,818,32.37,1,0,0
DEV-10307,mobile,Android,276,19.58,1,0,0
DEV-10308,mobile,Android,492,19.77,1,0,0
DEV-10309,mobile,Android,308,30.88,1,0,0
DEV-10310,mobile,Android,143,22.95,1,0,0
DEV-12062,mobile,Android,8,47.63,5,0,0
DEV-10311,mobile,Android,267,61.31,1,0,0
DEV-10312,mobile,Android,941,46.07,1,0,0
DEV-10313,mobile,Android,403,26.34,1,0,0
DEV-10314,mobile,Android,737,4.46,1,0,0
DEV-10315,mobile,Android,213,25.05,1,0,0
DEV-12063,mobile,Android,95,43.58,5,0,0
DEV-10316,mobile,Android,734,20.1,1,0,0
DEV-10317,mobile,Android,164,41.32,1,0,0
DEV-10318,mobile,Android,279,28.39,1,0,0
DEV-10319,mobile,Android,335,60.79,1,0,0
DEV-10320,mobile,Android,265,50.06,1,0,0
DEV-12064,mobile,Android,18,54.14,5,0,0
DEV-10321,mobile,Android,637,43.86,1,0,0
DEV-10322,mobile,Android,460,4.24,1,0,0
DEV-10323,mobile,Android,859,52.67,1,0,0
DEV-10324,mobile,Android,940,3.24,1,0,0
DEV-10325,mobile,Android,432,3.93,1,0,0
DEV-12065,mobile,Android,34,59.87,5,0,0
DEV-10326,mobile,Android,323,10.93,1,0,0
DEV-10327,mobile,Android,82,28.46,1,0,0
DEV-10328,mobile,Android,775,40.29,1,0,0
DEV-10329,mobile,Android,789,39.62,1,0,0
DEV-10330,mobile,Android,32,11.02,1,0,0
DEV-12066,mobile,Android,2,24.12,5,0,0
DEV-10331,mobile,Android,701,47.94,1,0,0
DEV-10332,mobile,Android,835,53.36,1,0,0
DEV-10333,mobile,Android,448,21.49,1,0,0
DEV-10334,mobile,Android,902,58.47,1,0,0
DEV-10335,mobile,Android,311,1.33,1,0,0
DEV-12067,mobile,Android,71,16.35,5,0,0
DEV-10336,mobile,Android,104,39.75,1,0,0
DEV-10337,mobile,Android,194,63.0,1,0,0
DEV-10338,mobile,Android,147,25.05,1,0,0
DEV-10339,mobile,Android,361,62.43,1,0,0
DEV-10340,mobile,Android,823,44.82,1,0,0
DEV-12068,mobile,Android,28,44.57,5,0,0
DEV-10341,mobile,Android,134,48.95,1,0,0
DEV-10342,mobile,Android,53,52.51,1,0,0
DEV-10343,mobile,Android,700,59.72,1,0,0
DEV-10344,mobile,Android,405,34.08,1,0,0
DEV-10345,mobile,Android,952,52.98,1,0,0
DEV-12069,mobile,Android,78,11.49,5,0,0
DEV-10346,mobile,Android,18,20.33,1,0,0
DEV-10347,mobile,Android,393,55.56,1,0,0
DEV-10348,mobile,Android,646,15.57,1,0,0
DEV-10349,mobile,Android,336,21.25,1,0,0
DEV-10350,mobile,Android,210,20.25,1,0,0
DEV-12070,mobile,Android,20,54.94,5,0,0
DEV-10351,mobile,Android,323,14.85,1,0,0
DEV-10352,mobile,Android,712,18.08,1,0,0
DEV-10353,mobile,Android,25,24.5,1,0,0
DEV-10354,mobile,Android,622,37.59,1,0,0
DEV-10355,mobile,Android,679,51.17,1,0,0
DEV-12071,mobile,Android,38,71.77,5,0,0
DEV-10356,mobile,Android,586,7.19,1,0,0
DEV-10357,mobile,Android,412,62.43,1,0,0
DEV-10358,mobile,Android,203,13.85,1,0,0
DEV-10359,mobile,Android,40,49.54,1,0,0
DEV-10360,mobile,Android,736,52.19,1,0,0
DEV-12072,mobile,Android,22,41.47,5,0,0
DEV-10361,mobile,Android,467,46.24,1,0,0
DEV-10362,mobile,Android,355,55.72,1,0,0
DEV-10363,mobile,Android,60,31.89,1,0,0
DEV-10364,mobile,Android,984,52.9,1,0,0
DEV-10365,mobile,Android,124,62.88,1,0,0
DEV-12073,mobile,Android,2,52.56,5,0,0
DEV-10366,mobile,Android,411,14.8,1,0,0
DEV-10367,mobile,Android,78,27.42,1,0,0
DEV-10368,mobile,Android,474,29.76,1,0,0
DEV-10369,mobile,Android,704,25.27,1,0,0
DEV-10370,mobile,Android,752,9.33,1,0,0
DEV-12074,mobile,Android,34,27.32,5,0,0
DEV-10371,mobile,Android,397,60.69,1,0,0
DEV-10372,mobile,Android,918,13.24,1,0,0
DEV-10373,mobile,Android,991,25.31,1,0,0
DEV-10374,mobile,Android,273,54.63,1,0,0
DEV-10375,mobile,Android,354,37.87,1,0,0
DEV-12075,mobile,Android,84,50.0,5,0,0
DEV-10376,mobile,Android,471,21.51,1,0,0
DEV-10377,mobile,Android,762,58.76,1,0,0
DEV-10378,mobile,Android,530,33.85,1,0,0
DEV-10379,mobile,Android,688,49.64,1,0,0
DEV-10380,mobile,Android,46,55.41,1,0,0
DEV-12076,mobile,Android,42,60.04,5,0,0
DEV-10381,mobile,Android,733,18.34,1,0,0
DEV-10382,mobile,Android,727,0.81,1,0,0
DEV-10383,mobile,Android,631,58.88,1,0,0
DEV-10384,mobile,Android,341,56.26,1,0,0
DEV-10385,mobile,Android,754,1.44,1,0,0
DEV-12077,mobile,Android,38,67.52,5,0,0
DEV-10386,mobile,Android,121,3.77,1,0,0
DEV-10387,mobile,Android,62,51.52,1,0,0
DEV-10388,mobile,Android,144,40.1,1,0,0
DEV-10389,mobile,Android,802,33.13,1,0,0
DEV-10390,mobile,Android,370,32.29,1,0,0
DEV-12078,mobile,Android,70,53.4,5,0,0
DEV-10391,mobile,Android,362,15.48,1,0,0
DEV-10392,mobile,Android,754,15.09,1,0,0
DEV-10393,mobile,Android,512,59.74,1,0,0
DEV-10394,mobile,Android,855,59.25,1,0,0
DEV-10395,mobile,Android,645,32.12,1,0,0
DEV-12079,mobile,Android,50,59.72,5,0,0
DEV-10396,mobile,Android,746,22.57,1,0,0
DEV-10397,mobile,Android,951,38.08,1,0,0
DEV-10398,mobile,Android,190,16.89,1,0,0
DEV-10399,mobile,Android,828,22.88,1,0,0
DEV-10400,mobile,Android,42,4.0,1,0,0
DEV-12080,mobile,Android,39,42.0,5,0,0
DEV-10401,mobile,Android,182,13.52,1,0,0
DEV-10402,mobile,Android,444,7.89,1,0,0
DEV-10403,mobile,Android,388,49.8,1,0,0
DEV-10404,mobile,Android,562,52.83,1,0,0
DEV-10405,mobile,Android,270,25.86,1,0,0
DEV-12081,mobile,Android,74,54.36,5,0,0
DEV-10406,mobile,Android,128,40.46,1,0,0
DEV-10407,mobile,Android,835,63.3,1,0,0
DEV-10408,mobile,Android,238,28.3,1,0,0
DEV-10409,mobile,Android,37,52.83,1,0,0
DEV-10410,mobile,Android,284,28.08,1,0,0
DEV-12082,mobile,Android,40,42.14,5,0,0
DEV-10411,mobile,Android,661,49.17,1,0,0
DEV-10412,mobile,Android,604,6.0,1,0,0
DEV-10413,mobile,Android,515,58.81,1,0,0
DEV-10414,mobile,Android,747,38.25,1,0,0
DEV-10415,mobile,Android,877,36.92,1,0,0
DEV-12083,mobile,Android,75,77.79,5,0,0
DEV-10416,mobile,Android,966,27.07,1,0,0
DEV-10417,mobile,Android,822,56.88,1,0,0
DEV-10418,mobile,Android,209,60.29,1,0,0
DEV-10419,mobile,Android,685,27.49,1,0,0
DEV-10420,mobile,Android,500,9.21,1,0,0
DEV-12084,mobile,Android,62,67.75,5,0,0
DEV-10421,mobile,Android,656,18.9,1,0,0
DEV-10422,mobile,Android,75,50.22,1,0,0
DEV-10423,mobile,Android,172,20.71,1,0,0
DEV-10424,mobile,Android,139,29.13,1,0,0
DEV-10425,mobile,Android,402,3.54,1,0,0
DEV-12085,mobile,Android,54,21.84,5,0,0
DEV-10426,mobile,Android,185,10.21,1,0,0
DEV-10427,mobile,Android,910,45.77,1,0,0
DEV-10428,mobile,Android,68,23.28,1,0,0
DEV-10429,mobile,Android,542,24.91,1,0,0
DEV-10430,mobile,Android,328,2.97,1,0,0
DEV-12086,mobile,Android,79,53.31,5,0,0
DEV-10431,mobile,Android,632,64.0,1,0,0
DEV-10432,mobile,Android,662,7.61,1,0,0
DEV-10433,mobile,Android,671,1.99,1,0,0
DEV-10434,mobile,Android,565,31.85,1,0,0
DEV-10435,mobile,Android,798,39.23,1,0,0
DEV-12087,mobile,Android,87,56.79,5,0,0
DEV-10436,mobile,Android,68,13.2,1,0,0
DEV-10437,mobile,Android,387,12.33,1,0,0
DEV-10438,mobile,Android,398,17.54,1,0,0
DEV-10439,mobile,Android,614,16.21,1,0,0
DEV-10440,mobile,Android,362,28.14,1,0,0
DEV-12088,mobile,Android,77,15.45,5,0,0
DEV-10441,mobile,Android,792,10.79,1,0,0
DEV-10442,mobile,Android,54,36.98,1,0,0
DEV-10443,mobile,Android,40,20.94,1,0,0
DEV-10444,mobile,Android,644,8.86,1,0,0
DEV-10445,mobile,Android,588,7.78,1,0,0
DEV-12089,mobile,Android,100,50.19,5,0,0
DEV-10446,mobile,Android,38,13.11,1,0,0
DEV-10447,mobile,Android,473,19.64,1,0,0
DEV-10448,mobile,Android,876,37.05,1,0,0
DEV-10449,mobile,Android,275,17.65,1,0,0
DEV-10450,mobile,Android,601,62.24,1,0,0
DEV-12090,mobile,Android,30,57.52,5,0,0
DEV-10451,mobile,Android,156,51.02,1,0,0
DEV-10452,mobile,Android,333,8.56,1,0,0
DEV-10453,mobile,Android,319,3.43,1,0,0
DEV-10454,mobile,Android,49,8.0,1,0,0
DEV-10455,mobile,Android,975,50.38,1,0,0
DEV-12091,mobile,Android,68,64.47,5,0,0
DEV-10456,mobile,Android,840,12.8,1,0,0
DEV-10457,mobile,Android,963,32.88,1,0,0
DEV-10458,mobile,Android,763,32.16,1,0,0
DEV-10459,mobile,Android,155,9.46,1,0,0
DEV-10460,mobile,Android,16,6.99,1,0,0
DEV-12092,mobile,Android,51,48.99,5,0,0
DEV-10461,mobile,Android,57,45.07,1,0,0
DEV-10462,mobile,Android,657,49.45,1,0,0
DEV-10463,mobile,Android,651,18.31,1,0,0
DEV-10464,mobile,Android,115,13.26,1,0,0
DEV-10465,mobile,Android,582,9.87,1,0,0
DEV-12093,mobile,Android,54,8.72,5,0,0
DEV-10466,mobile,Android,123,46.77,1,0,0
DEV-10467,mobile,Android,233,25.89,1,0,0
DEV-10468,mobile,Android,832,38.72,1,0,0
DEV-10469,mobile,Android,982,19.57,1,0,0
DEV-10470,mobile,Android,75,11.13,1,0,0
DEV-12094,mobile,Android,58,40.84,5,0,0
DEV-10471,mobile,Android,720,17.57,1,0,0
DEV-10472,mobile,Android,621,42.82,1,0,0
DEV-10473,mobile,Android,788,39.71,1,0,0
DEV-10474,mobile,Android,440,5.03,1,0,0
DEV-10475,mobile,Android,581,55.21,1,0,0
DEV-12095,mobile,Android,51,31.86,5,0,0
DEV-10476,mobile,Android,832,45.89,1,0,0
DEV-10477,mobile,Android,322,56.86,1,0,0
DEV-10478,mobile,Android,352,21.26,1,0,0
DEV-10479,mobile,Android,968,25.27,1,0,0
DEV-10480,mobile,Android,464,35.78,1,0,0
DEV-12096,mobile,Android,89,80.12,5,0,0
DEV-10481,mobile,Android,627,57.83,1,0,0
DEV-10482,mobile,Android,885,42.75,1,0,0
DEV-10483,mobile,Android,555,40.43,1,0,0
DEV-10484,mobile,Android,357,37.34,1,0,0
DEV-10485,mobile,Android,851,14.58,1,0,0
DEV-12097,mobile,Android,9,12.57,5,0,0
DEV-10486,mobile,Android,972,29.05,1,0,0
DEV-10487,mobile,Android,780,34.18,1,0,0
DEV-10488,mobile,Android,742,27.83,1,0,0
DEV-10489,mobile,Android,992,58.76,1,0,0
DEV-10490,mobile,Android,926,5.86,1,0,0
DEV-12098,mobile,Android,28,64.76,5,0,0
DEV-10491,mobile,Android,187,36.76,1,0,0
DEV-10492,mobile,Android,515,46.09,1,0,0
DEV-10493,mobile,Android,879,32.39,1,0,0
DEV-10494,mobile,Android,255,56.99,1,0,0
DEV-10495,mobile,Android,599,0.37,1,0,0
DEV-12099,mobile,Android,19,24.5,5,0,0
DEV-10496,mobile,Android,690,33.11,1,0,0
DEV-10497,mobile,Android,461,7.86,1,0,0
DEV-10498,mobile,Android,994,13.59,1,0,0
DEV-10499,mobile,Android,967,62.08,1,0,0
DEV-10500,mobile,Android,781,45.71,1,0,0
DEV-12100,mobile,Android,8,28.65,5,0,0
DEV-10501,mobile,Android,857,27.21,1,0,0
DEV-10502,mobile,Android,607,50.96,1,0,0
DEV-10503,mobile,Android,751,11.88,1,0,0
DEV-10504,mobile,Android,926,50.25,1,0,0
DEV-10505,mobile,Android,33,17.94,1,0,0
DEV-12101,mobile,Android,82,34.05,5,0,0
DEV-10506,mobile,Android,660,48.89,1,0,0
DEV-10507,mobile,Android,205,47.07,1,0,0
DEV-10508,mobile,Android,996,48.1,1,0,0
DEV-10509,mobile,Android,244,64.84,1,0,0
DEV-10510,mobile,Android,835,44.3,1,0,0
DEV-12102,mobile,Android,31,65.15,5,0,0
DEV-10511,mobile,Android,392,35.29,1,0,0
DEV-10512,mobile,Android,653,40.28,1,0,0
DEV-10513,mobile,Android,574,40.83,1,0,0
DEV-10514,mobile,Android,850,59.0,1,0,0
DEV-10515,mobile,Android,346,46.67,1,0,0
DEV-12103,mobile,Android,74,25.9,5,0,0
DEV-10516,mobile,Android,946,25.15,1,0,0
DEV-10517,mobile,Android,63,19.0,1,0,0
DEV-10518,mobile,Android,863,42.32,1,0,0
DEV-10519,mobile,Android,408,5.84,1,0,0
DEV-10520,mobile,Android,544,44.85,1,0,0
DEV-12104,mobile,Android,41,24.74,5,0,0
DEV-10521,mobile,Android,951,0.69,1,0,0
DEV-10522,mobile,Android,73,61.91,1,0,0
DEV-10523,mobile,Android,373,11.9,1,0,0
DEV-10524,mobile,Android,12,44.31,1,0,0
DEV-10525,mobile,Android,623,42.0,1,0,0
DEV-12105,mobile,Android,7,28.2,5,0,0
DEV-10526,mobile,Android,749,25.73,1,0,0
DEV-10527,mobile,Android,436,2.64,1,0,0
DEV-10528,mobile,Android,461,53.86,1,0,0
DEV-10529,mobile,Android,473,13.34,1,0,0
DEV-10530,mobile,Android,965,18.88,1,0,0
DEV-12106,mobile,Android,90,74.2,5,0,0
DEV-10531,mobile,Android,750,1.8,1,0,0
DEV-10532,mobile,Android,31,34.97,1,0,0
DEV-10533,mobile,Android,557,28.4,1,0,0
DEV-10534,mobile,Android,743,59.79,1,0,0
DEV-10535,mobile,Android,765,5.87,1,0,0
DEV-12107,mobile,Android,14,65.74,5,0,0
DEV-10536,mobile,Android,282,59.83,1,0,0
DEV-10537,mobile,Android,747,13.51,1,0,0
DEV-10538,mobile,Android,848,48.74,1,0,0
DEV-10539,mobile,Android,616,10.56,1,0,0
DEV-10540,mobile,Android,227,51.08,1,0,0
DEV-12108,mobile,Android,70,30.72,5,0,0
DEV-10541,mobile,Android,147,58.53,1,0,0
DEV-10542,mobile,Android,533,20.76,1,0,0
DEV-10543,mobile,Android,523,36.33,1,0,0
DEV-10544,mobile,Android,728,20.9,1,0,0
DEV-10545,mobile,Android,676,1.99,1,0,0
DEV-12109,mobile,Android,85,31.44,5,0,0
DEV-10546,mobile,Android,765,20.56,1,0,0
DEV-10547,mobile,Android,640,28.59,1,0,0
DEV-10548,mobile,Android,252,11.01,1,0,0
DEV-10549,mobile,Android,154,41.99,1,0,0
DEV-10550,mobile,Android,721,49.29,1,0,0
DEV-12110,mobile,Android,76,64.51,5,0,0
DEV-10551,mobile,Android,324,38.2,1,0,0
DEV-10552,mobile,Android,982,58.23,1,0,0
DEV-10553,mobile,Android,273,48.59,1,0,0
DEV-10554,mobile,Android,865,41.59,1,0,0
DEV-10555,mobile,Android,331,44.68,1,0,0
DEV-12111,mobile,Android,29,69.87,5,0,0
DEV-10556,mobile,Android,646,52.86,1,0,0
DEV-10557,mobile,Android,620,23.44,1,0,0
DEV-10558,mobile,Android,967,61.59,1,0,0
DEV-10559,mobile,Android,663,57.67,1,0,0
DEV-10560,mobile,Android,36,14.41,1,0,0
DEV-12112,mobile,Android,41,55.05,5,0,0
DEV-10561,mobile,Android,636,64.6,1,0,0
DEV-10562,mobile,Android,895,41.78,1,0,0
DEV-10563,mobile,Android,673,43.05,1,0,0
DEV-10564,mobile,Android,200,41.09,1,0,0
DEV-10565,mobile,Android,309,51.75,1,0,0
DEV-12113,mobile,Android,36,10.7,5,0,0
DEV-10566,mobile,Android,916,44.17,1,0,0
DEV-10567,mobile,Android,312,39.56,1,0,0
DEV-10568,mobile,Android,724,4.02,1,0,0
DEV-10569,mobile,Android,269,57.38,1,0,0
DEV-10570,mobile,Android,418,17.55,1,0,0
DEV-12114,mobile,Android,65,5.51,5,0,0
DEV-10571,mobile,Android,240,51.25,1,0,0
DEV-10572,mobile,Android,247,58.31,1,0,0
DEV-10573,mobile,Android,33,57.97,1,0,0
DEV-10574,mobile,Android,19,33.54,1,0,0
DEV-10575,mobile,Android,497,13.74,1,0,0
DEV-12115,mobile,Android,89,36.63,5,0,0
DEV-10576,mobile,Android,652,26.16,1,0,0
DEV-10577,mobile,Android,517,7.31,1,0,0
DEV-10578,mobile,Android,255,31.82,1,0,0
DEV-10579,mobile,Android,777,58.44,1,0,0
DEV-10580,mobile,Android,666,34.61,1,0,0
DEV-12116,mobile,Android,60,61.05,5,0,0
DEV-10581,mobile,Android,696,43.59,1,0,0
DEV-10582,mobile,Android,324,63.05,1,0,0
DEV-10583,mobile,Android,984,43.66,1,0,0
DEV-10584,mobile,Android,666,12.11,1,0,0
DEV-10585,mobile,Android,711,10.19,1,0,0
DEV-12117,mobile,Android,54,68.36,5,0,0
DEV-10586,mobile,Android,77,63.54,1,0,0
DEV-10587,mobile,Android,951,52.27,1,0,0
DEV-10588,mobile,Android,338,10.14,1,0,0
DEV-10589,mobile,Android,143,15.18,1,0,0
DEV-10590,mobile,Android,637,5.94,1,0,0
DEV-12118,mobile,Android,25,34.04,5,0,0
DEV-10591,mobile,Android,212,46.41,1,0,0
DEV-10592,mobile,Android,66,60.55,1,0,0
DEV-10593,mobile,Android,42,42.87,1,0,0
DEV-10594,mobile,Android,253,11.79,1,0,0
DEV-10595,mobile,Android,891,24.43,1,0,0
DEV-12119,mobile,Android,44,6.49,5,0,0
DEV-10596,mobile,Android,355,46.71,1,0,0
DEV-10597,mobile,Android,383,40.35,1,0,0
DEV-10598,mobile,Android,963,13.9,1,0,0
DEV-10599,mobile,Android,631,43.58,1,0,0
DEV-10600,mobile,Android,856,5.0,1,0,0
DEV-12120,mobile,Android,29,21.16,5,0,0
DEV-10601,mobile,Android,605,44.14,1,0,0
DEV-10602,mobile,Android,257,29.09,1,0,0
DEV-10603,mobile,Android,73,0.35,1,0,0
DEV-10604,mobile,Android,73,36.47,1,0,0
DEV-10605,mobile,Android,269,11.44,1,0,0
DEV-12121,mobile,Android,29,80.39,5,0,0
DEV-10606,mobile,Android,922,57.28,1,0,0
DEV-10607,mobile,Android,395,2.04,1,0,0
DEV-10608,mobile,Android,360,54.66,1,0,0
DEV-10609,mobile,Android,303,22.07,1,0,0
DEV-10610,mobile,Android,376,29.73,1,0,0
DEV-12122,mobile,Android,61,43.02,5,0,0
DEV-10611,mobile,Android,190,5.76,1,0,0
DEV-10612,mobile,Android,346,10.83,1,0,0
DEV-10613,mobile,Android,877,9.61,1,0,0
DEV-10614,mobile,Android,497,29.71,1,0,0
DEV-10615,mobile,Android,50,59.14,1,0,0
DEV-12123,mobile,Android,88,27.07,5,0,0
DEV-10616,mobile,Android,169,9.11,1,0,0
DEV-10617,mobile,Android,797,18.24,1,0,0
DEV-10618,mobile,Android,674,60.74,1,0,0
DEV-10619,mobile,Android,143,45.16,1,0,0
DEV-10620,mobile,Android,926,14.14,1,0,0
DEV-12124,mobile,Android,58,40.54,5,0,0
DEV-10621,mobile,Android,639,20.42,1,0,0
DEV-10622,mobile,Android,361,60.55,1,0,0
DEV-10623,mobile,Android,817,16.35,1,0,0
DEV-10624,mobile,Android,922,1.96,1,0,0
DEV-10625,mobile,Android,257,30.82,1,0,0
DEV-12125,mobile,Android,27,26.62,5,0,0
DEV-10626,mobile,Android,400,31.22,1,0,0
DEV-10627,mobile,Android,289,53.78,1,0,0
DEV-10628,mobile,Android,549,5.13,1,0,0
DEV-10629,mobile,Android,553,14.33,1,0,0
DEV-10630,mobile,Android,714,9.96,1,0,0
DEV-12126,mobile,Android,70,49.95,5,0,0
DEV-10631,mobile,Android,213,42.97,1,0,0
DEV-10632,mobile,Android,74,14.3,1,0,0
DEV-10633,mobile,Android,331,19.89,1,0,0
DEV-10634,mobile,Android,752,16.37,1,0,0
DEV-10635,mobile,Android,550,18.27,1,0,0
DEV-12127,mobile,Android,25,7.87,5,0,0
DEV-10636,mobile,Android,426,16.82,1,0,0
DEV-10637,mobile,Android,365,1.51,1,0,0
DEV-10638,mobile,Android,789,41.18,1,0,0
DEV-10639,mobile,Android,680,45.16,1,0,0
DEV-10640,mobile,Android,241,37.7,1,0,0
DEV-12128,mobile,Android,27,50.7,5,0,0
DEV-10641,mobile,Android,832,46.34,1,0,0
DEV-10642,mobile,Android,782,5.34,1,0,0
DEV-10643,mobile,Android,757,48.85,1,0,0
DEV-10644,mobile,Android,667,35.95,1,0,0
DEV-10645,mobile,Android,83,50.65,1,0,0
DEV-12129,mobile,Android,10,18.76,5,0,0
DEV-10646,mobile,Android,586,21.44,1,0,0
DEV-10647,mobile,Android,659,13.58,1,0,0
DEV-10648,mobile,Android,149,33.49,1,0,0
DEV-10649,mobile,Android,401,11.07,1,0,0
DEV-10650,mobile,Android,155,19.47,1,0,0
DEV-12130,mobile,Android,53,24.16,5,0,0
DEV-10651,mobile,Android,468,3.97,1,0,0
DEV-10652,mobile,Android,435,29.42,1,0,0
DEV-10653,mobile,Android,542,57.57,1,0,0
DEV-10654,mobile,Android,57,16.56,1,0,0
DEV-10655,mobile,Android,117,39.7,1,0,0
DEV-12131,mobile,Android,50,11.42,5,0,0
DEV-10656,mobile,Android,951,62.21,1,0,0
DEV-10657,mobile,Android,252,36.76,1,0,0
DEV-10658,mobile,Android,547,52.17,1,0,0
DEV-10659,mobile,Android,368,24.63,1,0,0
DEV-10660,mobile,Android,536,54.43,1,0,0
DEV-12132,mobile,Android,70,39.79,5,0,0
DEV-10661,mobile,Android,464,52.32,1,0,0
DEV-10662,mobile,Android,430,16.16,1,0,0
DEV-10663,mobile,Android,903,54.62,1,0,0
DEV-10664,mobile,Android,256,47.53,1,0,0
DEV-10665,mobile,Android,478,3.26,1,0,0
DEV-12133,mobile,Android,73,59.53,5,0,0
DEV-10666,mobile,Android,551,37.59,1,0,0
DEV-10667,mobile,Android,725,32.38,1,0,0
DEV-10668,mobile,Android,86,58.41,1,0,0
DEV-10669,mobile,Android,843,37.5,1,0,0
DEV-10670,mobile,Android,303,47.34,1,0,0
DEV-12134,mobile,Android,86,26.04,5,0,0
DEV-10671,mobile,Android,95,12.89,1,0,0
DEV-10672,mobile,Android,386,29.01,1,0,0
DEV-10673,mobile,Android,510,24.0,1,0,0
DEV-10674,mobile,Android,954,31.27,1,0,0
DEV-10675,mobile,Android,92,26.8,1,0,0
DEV-12135,mobile,Android,96,22.26,5,0,0
DEV-10676,mobile,Android,552,59.29,1,0,0
DEV-10677,mobile,Android,304,20.14,1,0,0
DEV-10678,mobile,Android,357,22.97,1,0,0
DEV-10679,mobile,Android,222,7.79,1,0,0
DEV-10680,mobile,Android,459,7.98,1,0,0
DEV-12136,mobile,Android,64,27.4,5,0,0
DEV-10681,mobile,Android,24,2.1,1,0,0
DEV-10682,mobile,Android,833,28.14,1,0,0
DEV-10683,mobile,Android,177,1.58,1,0,0
DEV-10684,mobile,Android,764,54.41,1,0,0
DEV-10685,mobile,Android,685,19.96,1,0,0
DEV-12137,mobile,Android,8,81.21,5,0,0
DEV-10686,mobile,Android,247,40.28,1,0,0
DEV-10687,mobile,Android,313,19.41,1,0,0
DEV-10688,mobile,Android,116,28.8,1,0,0
DEV-10689,mobile,Android,378,15.62,1,0,0
DEV-10690,mobile,Android,506,11.16,1,0,0
DEV-12138,mobile,Android,24,36.14,5,0,0
DEV-10691,mobile,Android,752,42.13,1,0,0
DEV-10692,mobile,Android,824,4.15,1,0,0
DEV-10693,mobile,Android,239,32.2,1,0,0
DEV-10694,mobile,Android,195,10.3,1,0,0
DEV-10695,mobile,Android,18,4.21,1,0,0
DEV-12139,mobile,Android,66,11.59,5,0,0
DEV-10696,mobile,Android,990,15.27,1,0,0
DEV-10697,mobile,Android,460,57.91,1,0,0
DEV-10698,mobile,Android,275,26.02,1,0,0
DEV-10699,mobile,Android,383,6.52,1,0,0
DEV-10700,mobile,Android,925,56.62,1,0,0
DEV-12140,mobile,Android,57,69.42,5,0,0
DEV-10701,mobile,Android,15,62.13,1,0,0
DEV-10702,mobile,Android,922,29.23,1,0,0
DEV-10703,mobile,Android,826,7.98,1,0,0
DEV-10704,mobile,Android,478,15.14,1,0,0
DEV-10705,mobile,Android,911,41.76,1,0,0
DEV-12141,mobile,Android,39,51.49,5,0,0
DEV-10706,mobile,Android,31,33.65,1,0,0
DEV-10707,mobile,Android,306,26.49,1,0,0
DEV-10708,mobile,Android,889,4.87,1,0,0
DEV-10709,mobile,Android,672,51.49,1,0,0
DEV-10710,mobile,Android,786,39.71,1,0,0
DEV-12142,mobile,Android,63,58.13,5,0,0
DEV-10711,mobile,Android,991,43.41,1,0,0
DEV-10712,mobile,Android,583,22.55,1,0,0
DEV-10713,mobile,Android,521,16.34,1,0,0
DEV-10714,mobile,Android,99,58.64,1,0,0
DEV-10715,mobile,Android,231,10.49,1,0,0
DEV-12143,mobile,Android,27,14.09,5,0,0
DEV-10716,mobile,Android,614,11.86,1,0,0
DEV-10717,mobile,Android,766,18.09,1,0,0
DEV-10718,mobile,Android,466,5.29,1,0,0
DEV-10719,mobile,Android,496,13.54,1,0,0
DEV-10720,mobile,Android,15,63.91,1,0,0
DEV-12144,mobile,Android,7,61.32,5,0,0
DEV-10721,mobile,Android,976,15.14,1,0,0
DEV-10722,mobile,Android,216,30.07,1,0,0
DEV-10723,mobile,Android,931,53.09,1,0,0
DEV-10724,mobile,Android,85,9.87,1,0,0
DEV-10725,mobile,Android,582,38.35,1,0,0
DEV-12145,mobile,Android,85,14.49,5,0,0
DEV-10726,mobile,Android,184,50.56,1,0,0
DEV-10727,mobile,Android,261,5.61,1,0,0
DEV-10728,mobile,Android,172,22.79,1,0,0
DEV-10729,mobile,Android,499,29.13,1,0,0
DEV-10730,mobile,Android,863,64.31,1,0,0
DEV-12146,mobile,Android,2,43.01,5,0,0
DEV-10731,mobile,Android,52,61.18,1,0,0
DEV-10732,mobile,Android,593,58.96,1,0,0
DEV-10733,mobile,Android,456,8.25,1,0,0
DEV-10734,mobile,Android,252,55.53,1,0,0
DEV-10735,mobile,Android,657,50.34,1,0,0
DEV-12147,mobile,Android,82,25.3,5,0,0
DEV-10736,mobile,Android,730,18.01,1,0,0
DEV-10737,mobile,Android,224,7.26,1,0,0
DEV-10738,mobile,Android,453,3.41,1,0,0
DEV-10739,mobile,Android,28,54.4,1,0,0
DEV-10740,mobile,Android,716,6.73,1,0,0
DEV-12148,mobile,Android,15,36.18,5,0,0
DEV-10741,mobile,Android,551,44.47,1,0,0
DEV-10742,mobile,Android,324,26.31,1,0,0
DEV-10743,mobile,Android,409,63.59,1,0,0
DEV-10744,mobile,Android,988,14.38,1,0,0
DEV-10745,mobile,Android,741,31.02,1,0,0
DEV-12149,mobile,Android,32,60.33,5,0,0
DEV-10746,mobile,Android,589,17.29,1,0,0
DEV-10747,mobile,Android,499,40.41,1,0,0
DEV-10748,mobile,Android,256,63.84,1,0,0
DEV-10749,mobile,Android,816,35.39,1,0,0
DEV-10750,mobile,Android,215,64.4,1,0,0
DEV-12150,mobile,Android,64,57.14,5,0,0
DEV-10751,mobile,Android,812,43.3,1,0,0
DEV-10752,mobile,Android,118,19.24,1,0,0
DEV-10753,mobile,Android,516,37.21,1,0,0
DEV-10754,mobile,Android,401,15.9,1,0,0
DEV-10755,mobile,Android,821,60.42,1,0,0
DEV-12151,mobile,Android,82,49.61,5,0,0
DEV-10756,mobile,Android,553,62.67,1,0,0
DEV-10757,mobile,Android,485,52.12,1,0,0
DEV-10758,mobile,Android,142,32.4,1,0,0
DEV-10759,mobile,Android,205,7.97,1,0,0
DEV-10760,mobile,Android,947,10.15,1,0,0
DEV-12152,mobile,Android,34,77.84,5,0,0
DEV-10761,mobile,Android,981,49.2,1,0,0
DEV-10762,mobile,Android,543,39.29,1,0,0
DEV-10763,mobile,Android,770,12.6,1,0,0
DEV-10764,mobile,Android,425,34.12,1,0,0
DEV-10765,mobile,Android,943,18.5,1,0,0
DEV-12153,mobile,Android,82,6.12,5,0,0
DEV-10766,mobile,Android,370,41.44,1,0,0
DEV-10767,mobile,Android,386,22.83,1,0,0
DEV-10768,mobile,Android,251,62.18,1,0,0
DEV-10769,mobile,Android,68,45.19,1,0,0
DEV-10770,mobile,Android,490,46.0,1,0,0
DEV-12154,mobile,Android,52,38.57,5,0,0
DEV-10771,mobile,Android,41,12.86,1,0,0
DEV-10772,mobile,Android,717,48.05,1,0,0
DEV-10773,mobile,Android,571,14.18,1,0,0
DEV-10774,mobile,Android,132,60.06,1,0,0
DEV-10775,mobile,Android,656,4.98,1,0,0
DEV-12155,mobile,Android,99,68.11,5,0,0
DEV-10776,mobile,Android,731,25.73,1,0,0
DEV-10777,mobile,Android,422,57.2,1,0,0
DEV-10778,mobile,Android,296,57.6,1,0,0
DEV-10779,mobile,Android,840,64.93,1,0,0
DEV-10780,mobile,Android,913,6.92,1,0,0
DEV-12156,mobile,Android,91,79.26,5,0,0
DEV-10781,mobile,Android,631,16.32,1,0,0
DEV-10782,mobile,Android,446,31.88,1,0,0
DEV-10783,mobile,Android,994,54.17,1,0,0
DEV-10784,mobile,Android,439,21.84,1,0,0
DEV-10785,mobile,Android,53,46.85,1,0,0
DEV-12157,mobile,Android,80,34.36,5,0,0
DEV-10786,mobile,Android,77,26.64,1,0,0
DEV-10787,mobile,Android,105,59.36,1,0,0
DEV-10788,mobile,Android,673,35.05,1,0,0
DEV-10789,mobile,Android,867,54.78,1,0,0
DEV-10790,mobile,Android,172,42.58,1,0,0
DEV-12158,mobile,Android,72,12.39,5,0,0
DEV-10791,mobile,Android,983,22.8,1,0,0
DEV-10792,mobile,Android,742,41.43,1,0,0
DEV-10793,mobile,Android,16,40.7,1,0,0
DEV-10794,mobile,Android,588,61.36,1,0,0
DEV-10795,mobile,Android,686,62.57,1,0,0
DEV-12159,mobile,Android,81,28.08,5,0,0
DEV-10796,mobile,Android,764,1.21,1,0,0
DEV-10797,mobile,Android,991,4.96,1,0,0
DEV-10798,mobile,Android,281,14.28,1,0,0
DEV-10799,mobile,Android,174,38.32,1,0,0
DEV-10800,mobile,Android,104,63.57,1,0,0
DEV-12160,mobile,Android,44,56.12,5,0,0
DEV-10801,mobile,Android,300,34.83,1,0,0
DEV-10802,mobile,Android,507,34.17,1,0,0
DEV-10803,mobile,Android,659,40.28,1,0,0
DEV-10804,mobile,Android,652,59.65,1,0,0
DEV-10805,mobile,Android,557,45.6,1,0,0
DEV-12161,mobile,Android,25,40.21,5,0,0
DEV-10806,mobile,Android,570,27.04,1,0,0
DEV-10807,mobile,Android,625,62.62,1,0,0
DEV-10808,mobile,Android,262,43.87,1,0,0
DEV-10809,mobile,Android,920,60.06,1,0,0
DEV-10810,mobile,Android,999,15.91,1,0,0
DEV-12162,mobile,Android,53,75.19,5,0,0
DEV-10811,mobile,Android,622,47.58,1,0,0
DEV-10812,mobile,Android,480,4.52,1,0,0
DEV-10813,mobile,Android,868,18.7,1,0,0
DEV-10814,mobile,Android,934,19.35,1,0,0
DEV-10815,mobile,Android,556,17.9,1,0,0
DEV-12163,mobile,Android,24,45.45,5,0,0
DEV-10816,mobile,Android,884,48.67,1,0,0
DEV-10817,mobile,Android,295,17.81,1,0,0
DEV-10818,mobile,Android,865,5.52,1,0,0
DEV-10819,mobile,Android,735,38.56,1,0,0
DEV-10820,mobile,Android,75,56.57,1,0,0
DEV-12164,mobile,Android,98,54.77,5,0,0
DEV-10821,mobile,Android,98,7.24,1,0,0
DEV-10822,mobile,Android,874,20.16,1,0,0
DEV-10823,mobile,Android,812,3.27,1,0,0
DEV-10824,mobile,Android,227,31.6,1,0,0
DEV-10825,mobile,Android,333,50.88,1,0,0
DEV-12165,mobile,Android,26,57.98,5,0,0
DEV-10826,mobile,Android,380,54.36,1,0,0
DEV-10827,mobile,Android,126,23.31,1,0,0
DEV-10828,mobile,Android,442,61.0,1,0,0
DEV-10829,mobile,Android,728,44.9,1,0,0
DEV-10830,mobile,Android,27,36.5,1,0,0
DEV-12166,mobile,Android,29,79.8,5,0,0
DEV-10831,mobile,Android,567,14.79,1,0,0
DEV-10832,mobile,Android,387,7.07,1,0,0
DEV-10833,mobile,Android,370,41.23,1,0,0
DEV-10834,mobile,Android,961,16.49,1,0,0
DEV-10835,mobile,Android,436,13.22,1,0,0
DEV-12167,mobile,Android,38,80.3,5,0,0
DEV-10836,mobile,Android,434,25.32,1,0,0
DEV-10837,mobile,Android,686,45.74,1,0,0
DEV-10838,mobile,Android,880,6.63,1,0,0
DEV-10839,mobile,Android,57,23.42,1,0,0
DEV-10840,mobile,Android,672,23.8,1,0,0
DEV-12168,mobile,Android,57,76.31,5,0,0
DEV-10841,mobile,Android,486,37.09,1,0,0
DEV-10842,mobile,Android,353,2.9,1,0,0
DEV-10843,mobile,Android,521,44.37,1,0,0
DEV-10844,mobile,Android,255,13.49,1,0,0
DEV-10845,mobile,Android,839,42.54,1,0,0
DEV-12169,mobile,Android,87,58.78,5,0,0
DEV-10846,mobile,Android,710,22.44,1,0,0
DEV-10847,mobile,Android,492,56.92,1,0,0
DEV-10848,mobile,Android,832,34.9,1,0,0
DEV-10849,mobile,Android,652,51.57,1,0,0
DEV-10850,mobile,Android,803,43.25,1,0,0
DEV-12170,mobile,Android,88,26.65,5,0,0
DEV-10851,mobile,Android,123,62.02,1,0,0
DEV-10852,mobile,Android,892,62.92,1,0,0
DEV-10853,mobile,Android,209,13.53,1,0,0
DEV-10854,mobile,Android,433,61.72,1,0,0
DEV-10855,mobile,Android,340,6.03,1,0,0
DEV-12171,mobile,Android,97,18.03,5,0,0
DEV-10856,mobile,Android,959,45.23,1,0,0
DEV-10857,mobile,Android,589,37.73,1,0,0
DEV-10858,mobile,Android,215,41.98,1,0,0
DEV-10859,mobile,Android,104,41.31,1,0,0
DEV-10860,mobile,Android,155,25.02,1,0,0
DEV-12172,mobile,Android,83,64.58,5,0,0
DEV-10861,mobile,Android,518,46.91,1,0,0
DEV-10862,mobile,Android,299,12.97,1,0,0
DEV-10863,mobile,Android,456,34.98,1,0,0
DEV-10864,mobile,Android,817,5.34,1,0,0
DEV-10865,mobile,Android,912,13.63,1,0,0
DEV-12173,mobile,Android,54,6.56,5,0,0
DEV-10866,mobile,Android,133,64.48,1,0,0
DEV-10867,mobile,Android,888,8.62,1,0,0
DEV-10868,mobile,Android,740,22.0,1,0,0
DEV-10869,mobile,Android,503,59.32,1,0,0
DEV-10870,mobile,Android,618,25.79,1,0,0
DEV-12174,mobile,Android,36,7.74,5,0,0
DEV-10871,mobile,Android,730,61.15,1,0,0
DEV-10872,mobile,Android,151,38.07,1,0,0
DEV-10873,mobile,Android,873,26.22,1,0,0
DEV-10874,mobile,Android,623,46.71,1,0,0
DEV-10875,mobile,Android,790,9.25,1,0,0
DEV-12175,mobile,Android,56,13.13,5,0,0
DEV-10876,mobile,Android,146,49.67,1,0,0
DEV-10877,mobile,Android,698,15.28,1,0,0
DEV-10878,mobile,Android,277,45.88,1,0,0
DEV-10879,mobile,Android,692,38.8,1,0,0
DEV-10880,mobile,Android,351,5.34,1,0,0
DEV-12176,mobile,Android,20,17.09,5,0,0
DEV-10881,mobile,Android,35,60.48,1,0,0
DEV-10882,mobile,Android,101,53.83,1,0,0
DEV-10883,mobile,Android,629,22.33,1,0,0
DEV-10884,mobile,Android,297,30.63,1,0,0
DEV-10885,mobile,Android,169,26.89,1,0,0
DEV-12177,mobile,Android,69,55.15,5,0,0
DEV-10886,mobile,Android,953,44.48,1,0,0
DEV-10887,mobile,Android,906,0.14,1,0,0
DEV-10888,mobile,Android,485,36.78,1,0,0
DEV-10889,mobile,Android,39,64.02,1,0,0
DEV-10890,mobile,Android,878,16.38,1,0,0
DEV-12178,mobile,Android,78,72.75,5,0,0
DEV-10891,mobile,Android,268,12.31,1,0,0
DEV-10892,mobile,Android,803,42.09,1,0,0
DEV-10893,mobile,Android,752,46.39,1,0,0
DEV-10894,mobile,Android,266,43.27,1,0,0
DEV-10895,mobile,Android,420,44.23,1,0,0
DEV-12179,mobile,Android,18,68.71,5,0,0
DEV-10896,mobile,Android,982,9.82,1,0,0
DEV-10897,mobile,Android,356,54.64,1,0,0
DEV-10898,mobile,Android,219,56.09,1,0,0
DEV-10899,mobile,Android,588,26.78,1,0,0
DEV-10900,mobile,Android,940,51.51,1,0,0
DEV-12180,mobile,Android,14,52.86,5,0,0
DEV-10901,mobile,Android,698,38.16,1,0,0
DEV-10902,mobile,Android,956,17.12,1,0,0
DEV-10903,mobile,Android,573,5.84,1,0,0
DEV-10904,mobile,Android,611,64.24,1,0,0
DEV-10905,mobile,Android,376,33.72,1,0,0
DEV-12181,mobile,Android,73,30.91,5,0,0
DEV-10906,mobile,Android,583,25.93,1,0,0
DEV-10907,mobile,Android,32,61.54,1,0,0
DEV-10908,mobile,Android,470,46.96,1,0,0
DEV-10909,mobile,Android,147,14.26,1,0,0
DEV-10910,mobile,Android,58,0.14,1,0,0
DEV-12182,mobile,Android,77,74.3,5,0,0
DEV-10911,mobile,Android,691,33.63,1,0,0
DEV-10912,mobile,Android,651,16.75,1,0,0
DEV-10913,mobile,Android,289,49.93,1,0,0
DEV-10914,mobile,Android,669,45.69,1,0,0
DEV-10915,mobile,Android,317,55.52,1,0,0
DEV-12183,mobile,Android,33,24.15,5,0,0
DEV-10916,mobile,Android,742,7.34,1,0,0
DEV-10917,mobile,Android,720,35.51,1,0,0
DEV-10918,mobile,Android,660,21.42,1,0,0
DEV-10919,mobile,Android,968,34.12,1,0,0
DEV-10920,mobile,Android,63,5.87,1,0,0
DEV-12184,mobile,Android,93,81.23,5,0,0
DEV-10921,mobile,Android,673,12.78,1,0,0
DEV-10922,mobile,Android,808,58.82,1,0,0
DEV-10923,mobile,Android,399,46.91,1,0,0
DEV-10924,mobile,Android,179,49.31,1,0,0
DEV-10925,mobile,Android,58,13.83,1,0,0
DEV-12185,mobile,Android,21,12.09,5,0,0
DEV-10926,mobile,Android,240,5.69,1,0,0
DEV-10927,mobile,Android,843,2.73,1,0,0
DEV-10928,mobile,Android,788,16.82,1,0,0
DEV-10929,mobile,Android,322,16.98,1,0,0
DEV-10930,mobile,Android,11,8.97,1,0,0
DEV-12186,mobile,Android,72,74.93,5,0,0
DEV-10931,mobile,Android,321,39.12,1,0,0
DEV-10932,mobile,Android,518,6.78,1,0,0
DEV-10933,mobile,Android,722,39.21,1,0,0
DEV-10934,mobile,Android,395,19.69,1,0,0
DEV-10935,mobile,Android,648,31.79,1,0,0
DEV-12187,mobile,Android,60,23.07,5,0,0
DEV-10936,mobile,Android,209,11.53,1,0,0
DEV-10937,mobile,Android,368,30.24,1,0,0
DEV-10938,mobile,Android,623,28.65,1,0,0
DEV-10939,mobile,Android,217,50.85,1,0,0
DEV-10940,mobile,Android,965,16.49,1,0,0
DEV-12188,mobile,Android,7,77.06,5,0,0
DEV-10941,mobile,Android,880,32.73,1,0,0
DEV-10942,mobile,Android,550,31.14,1,0,0
DEV-10943,mobile,Android,622,33.46,1,0,0
DEV-10944,mobile,Android,769,39.71,1,0,0
DEV-10945,mobile,Android,725,52.22,1,0,0
DEV-12189,mobile,Android,91,65.35,5,0,0
DEV-10946,mobile,Android,811,35.36,1,0,0
DEV-10947,mobile,Android,204,36.77,1,0,0
DEV-10948,mobile,Android,591,51.85,1,0,0
DEV-10949,mobile,Android,547,37.1,1,0,0
DEV-10950,mobile,Android,60,30.39,1,0,0
DEV-12190,mobile,Android,60,32.94,5,0,0
DEV-10951,mobile,Android,90,51.78,1,0,0
DEV-10952,mobile,Android,353,49.97,1,0,0
DEV-10953,mobile,Android,440,15.04,1,0,0
DEV-10954,mobile,Android,648,40.87,1,0,0
DEV-10955,mobile,Android,655,15.35,1,0,0
DEV-12191,mobile,Android,85,30.75,5,0,0
DEV-10956,mobile,Android,892,23.74,1,0,0
DEV-10957,mobile,Android,897,29.94,1,0,0
DEV-10958,mobile,Android,621,47.28,1,0,0
DEV-10959,mobile,Android,310,22.66,1,0,0
DEV-10960,mobile,Android,767,37.53,1,0,0
DEV-12192,mobile,Android,20,69.23,5,0,0
DEV-10961,mobile,Android,576,50.06,1,0,0
DEV-10962,mobile,Android,539,31.64,1,0,0
DEV-10963,mobile,Android,981,14.05,1,0,0
DEV-10964,mobile,Android,841,3.49,1,0,0
DEV-10965,mobile,Android,395,40.9,1,0,0
DEV-12193,mobile,Android,88,29.81,5,0,0
DEV-10966,mobile,Android,198,15.5,1,0,0
DEV-10967,mobile,Android,136,21.94,1,0,0
DEV-10968,mobile,Android,488,15.58,1,0,0
DEV-10969,mobile,Android,157,8.74,1,0,0
DEV-10970,mobile,Android,598,50.48,1,0,0
DEV-12194,mobile,Android,35,40.87,5,0,0
DEV-10971,mobile,Android,327,52.22,1,0,0
DEV-10972,mobile,Android,525,28.34,1,0,0
DEV-10973,mobile,Android,849,63.48,1,0,0
DEV-10974,mobile,Android,757,4.61,1,0,0
DEV-10975,mobile,Android,800,19.62,1,0,0
DEV-12195,mobile,Android,85,63.19,5,0,0
DEV-10976,mobile,Android,273,21.99,1,0,0
DEV-10977,mobile,Android,580,63.6,1,0,0
DEV-10978,mobile,Android,143,61.61,1,0,0
DEV-10979,mobile,Android,177,27.32,1,0,0
DEV-10980,mobile,Android,15,11.4,1,0,0
DEV-12196,mobile,Android,78,55.6,5,0,0
DEV-10981,mobile,Android,682,4.43,1,0,0
DEV-10982,mobile,Android,222,47.06,1,0,0
DEV-10983,mobile,Android,766,20.32,1,0,0
DEV-10984,mobile,Android,658,40.14,1,0,0
DEV-10985,mobile,Android,695,11.08,1,0,0
DEV-12197,mobile,Android,61,77.93,5,0,0
DEV-10986,mobile,Android,970,20.43,1,0,0
DEV-10987,mobile,Android,497,9.91,1,0,0
DEV-10988,mobile,Android,87,3.01,1,0,0
DEV-10989,mobile,Android,244,36.42,1,0,0
DEV-10990,mobile,Android,913,16.94,1,0,0
DEV-12198,mobile,Android,79,80.81,5,0,0
DEV-10991,mobile,Android,151,0.28,1,0,0
DEV-10992,mobile,Android,774,1.41,1,0,0
DEV-10993,mobile,Android,714,60.81,1,0,0
DEV-10994,mobile,Android,33,22.61,1,0,0
DEV-10995,mobile,Android,663,5.33,1,0,0
DEV-12199,mobile,Android,6,14.61,5,0,0
DEV-10996,mobile,Android,29,6.43,1,0,0
DEV-10997,mobile,Android,167,51.03,1,0,0
DEV-10998,mobile,Android,884,34.25,1,0,0
DEV-10999,mobile,Android,261,16.57,1,0,0
DEV-11000,mobile,Android,417,28.49,1,0,0
DEV-12200,mobile,Android,96,75.58,5,0,0
DEV-11001,mobile,Android,261,16.12,1,0,0
DEV-11002,mobile,Android,940,22.94,1,0,0
DEV-11003,mobile,Android,694,31.73,1,0,0
DEV-11004,mobile,Android,915,22.33,1,0,0
DEV-11005,mobile,Android,401,13.15,1,0,0
DEV-12201,mobile,Android,23,18.54,5,0,0
DEV-11006,mobile,Android,835,13.35,1,0,0
DEV-11007,mobile,Android,192,49.99,1,0,0
DEV-11008,mobile,Android,591,61.54,1,0,0
DEV-11009,mobile,Android,435,30.72,1,0,0
DEV-11010,mobile,Android,250,55.5,1,0,0
DEV-12202,mobile,Android,33,27.92,5,0,0
DEV-11011,mobile,Android,167,52.06,1,0,0
DEV-11012,mobile,Android,185,10.14,1,0,0
DEV-11013,mobile,Android,664,12.48,1,0,0
DEV-11014,mobile,Android,18,4.0,1,0,0
DEV-11015,mobile,Android,190,45.72,1,0,0
DEV-12203,mobile,Android,86,44.83,5,0,0
DEV-11016,mobile,Android,906,3.13,1,0,0
DEV-11017,mobile,Android,306,40.3,1,0,0
DEV-11018,mobile,Android,460,56.79,1,0,0
DEV-11019,mobile,Android,310,9.48,1,0,0
DEV-11020,mobile,Android,24,49.75,1,0,0
DEV-12204,mobile,Android,76,54.86,5,0,0
DEV-11021,mobile,Android,297,44.07,1,0,0
DEV-11022,mobile,Android,403,35.87,1,0,0
DEV-11023,mobile,Android,352,43.73,1,0,0
DEV-11024,mobile,Android,550,0.71,1,0,0
DEV-11025,mobile,Android,357,21.23,1,0,0
DEV-12205,mobile,Android,82,63.45,5,0,0
DEV-11026,mobile,Android,857,52.85,1,0,0
DEV-11027,mobile,Android,789,50.1,1,0,0
DEV-11028,mobile,Android,459,5.75,1,0,0
DEV-11029,mobile,Android,682,12.54,1,0,0
DEV-11030,mobile,Android,405,52.82,1,0,0
DEV-12206,mobile,Android,22,49.94,5,0,0
DEV-11031,mobile,Android,125,20.78,1,0,0
DEV-11032,mobile,Android,702,38.81,1,0,0
DEV-11033,mobile,Android,38,19.33,1,0,0
DEV-11034,mobile,Android,454,55.66,1,0,0
DEV-11035,mobile,Android,787,26.19,1,0,0
DEV-12207,mobile,Android,71,73.09,5,0,0
DEV-11036,mobile,Android,706,58.86,1,0,0
DEV-11037,mobile,Android,891,59.15,1,0,0
DEV-11038,mobile,Android,896,21.06,1,0,0
DEV-11039,mobile,Android,578,20.18,1,0,0
DEV-11040,mobile,Android,274,61.46,1,0,0
DEV-12208,mobile,Android,14,69.28,5,0,0
DEV-11041,mobile,Android,261,44.45,1,0,0
DEV-11042,mobile,Android,949,35.67,1,0,0
DEV-11043,mobile,Android,216,10.45,1,0,0
DEV-11044,mobile,Android,506,54.99,1,0,0
DEV-11045,mobile,Android,563,34.5,1,0,0
DEV-12209,mobile,Android,80,61.24,5,0,0
DEV-11046,mobile,Android,913,52.52,1,0,0
DEV-11047,mobile,Android,816,28.53,1,0,0
DEV-11048,mobile,Android,725,23.6,1,0,0
DEV-11049,mobile,Android,322,24.68,1,0,0
DEV-11050,mobile,Android,537,18.04,1,0,0
DEV-12210,mobile,Android,22,26.08,5,0,0
DEV-11051,mobile,Android,294,25.37,1,0,0
DEV-11052,mobile,Android,893,29.38,1,0,0
DEV-11053,mobile,Android,662,64.33,1,0,0
DEV-11054,mobile,Android,441,10.24,1,0,0
DEV-11055,mobile,Android,942,51.7,1,0,0
DEV-12211,mobile,Android,48,72.64,5,0,0
DEV-11056,mobile,Android,427,38.97,1,0,0
DEV-11057,mobile,Android,1000,52.16,1,0,0
DEV-11058,mobile,Android,262,62.11,1,0,0
DEV-11059,mobile,Android,679,57.7,1,0,0
DEV-11060,mobile,Android,181,40.33,1,0,0
DEV-12212,mobile,Android,47,47.04,5,0,0
DEV-11061,mobile,Android,714,28.95,1,0,0
DEV-11062,mobile,Android,844,5.09,1,0,0
DEV-11063,mobile,Android,770,1.97,1,0,0
DEV-11064,mobile,Android,562,0.5,1,0,0
DEV-11065,mobile,Android,349,10.25,1,0,0
DEV-12213,mobile,Android,53,82.14,5,0,0
DEV-11066,mobile,Android,966,32.64,1,0,0
DEV-11067,mobile,Android,194,33.57,1,0,0
DEV-11068,mobile,Android,523,15.31,1,0,0
DEV-11069,mobile,Android,432,18.97,1,0,0
DEV-11070,mobile,Android,575,6.99,1,0,0
DEV-12214,mobile,Android,37,77.37,5,0,0
DEV-11071,mobile,Android,295,21.87,1,0,0
DEV-11072,mobile,Android,473,56.54,1,0,0
DEV-11073,mobile,Android,902,2.09,1,0,0
DEV-11074,mobile,Android,598,4.79,1,0,0
DEV-11075,mobile,Android,262,15.78,1,0,0
DEV-12215,mobile,Android,1,28.7,5,0,0
DEV-11076,mobile,Android,974,34.87,1,0,0
DEV-11077,mobile,Android,232,28.7,1,0,0
DEV-11078,mobile,Android,388,47.95,1,0,0
DEV-11079,mobile,Android,245,9.09,1,0,0
DEV-11080,mobile,Android,483,28.16,1,0,0
DEV-12216,mobile,Android,60,47.12,5,0,0
DEV-11081,mobile,Android,957,13.3,1,0,0
DEV-11082,mobile,Android,962,53.51,1,0,0
DEV-11083,mobile,Android,691,8.27,1,0,0
DEV-11084,mobile,Android,808,43.82,1,0,0
DEV-11085,mobile,Android,301,26.47,1,0,0
DEV-12217,mobile,Android,63,41.94,5,0,0
DEV-11086,mobile,Android,237,5.44,1,0,0
DEV-11087,mobile,Android,168,61.0,1,0,0
DEV-11088,mobile,Android,93,47.83,1,0,0
DEV-11089,mobile,Android,581,28.78,1,0,0
DEV-11090,mobile,Android,206,27.71,1,0,0
DEV-12218,mobile,Android,99,32.27,5,0,0
DEV-11091,mobile,Android,571,14.73,1,0,0
DEV-11092,mobile,Android,716,53.0,1,0,0
DEV-11093,mobile,Android,962,33.83,1,0,0
DEV-11094,mobile,Android,495,14.2,1,0,0
DEV-11095,mobile,Android,56,41.09,1,0,0
DEV-12219,mobile,Android,67,24.13,5,0,0
DEV-11096,mobile,Android,476,33.01,1,0,0
DEV-11097,mobile,Android,161,1.03,1,0,0
DEV-11098,mobile,Android,681,11.1,1,0,0
DEV-11099,mobile,Android,590,37.63,1,0,0
DEV-11100,mobile,Android,298,37.98,1,0,0
DEV-12220,mobile,Android,22,47.28,5,0,0
DEV-11101,mobile,Android,57,40.35,1,0,0
DEV-11102,mobile,Android,827,48.63,1,0,0
DEV-11103,mobile,Android,673,59.46,1,0,0
DEV-11104,mobile,Android,197,53.3,1,0,0
DEV-11105,mobile,Android,138,60.73,1,0,0
DEV-12221,mobile,Android,2,39.02,5,0,0
DEV-11106,mobile,Android,710,44.33,1,0,0
DEV-11107,mobile,Android,513,53.52,1,0,0
DEV-11108,mobile,Android,868,41.31,1,0,0
DEV-11109,mobile,Android,295,33.72,1,0,0
DEV-11110,mobile,Android,551,30.63,1,0,0
DEV-12222,mobile,Android,63,27.29,5,0,0
DEV-11111,mobile,Android,70,56.02,1,0,0
DEV-11112,mobile,Android,81,58.93,1,0,0
DEV-11113,mobile,Android,448,39.33,1,0,0
DEV-11114,mobile,Android,829,29.94,1,0,0
DEV-11115,mobile,Android,514,3.42,1,0,0
DEV-12223,mobile,Android,85,55.93,5,0,0
DEV-11116,mobile,Android,141,64.21,1,0,0
DEV-11117,mobile,Android,131,34.48,1,0,0
DEV-11118,mobile,Android,207,48.33,1,0,0
DEV-11119,mobile,Android,349,13.39,1,0,0
DEV-11120,mobile,Android,143,40.49,1,0,0
DEV-12224,mobile,Android,73,36.08,5,0,0
DEV-11121,mobile,Android,850,57.7,1,0,0
DEV-11122,mobile,Android,572,17.68,1,0,0
DEV-11123,mobile,Android,980,27.17,1,0,0
DEV-11124,mobile,Android,67,53.29,1,0,0
DEV-11125,mobile,Android,242,62.18,1,0,0
DEV-12225,mobile,Android,36,17.44,5,0,0
DEV-11126,mobile,Android,679,25.53,1,0,0
DEV-11127,mobile,Android,185,25.21,1,0,0
DEV-11128,mobile,Android,199,51.42,1,0,0
DEV-11129,mobile,Android,518,8.41,1,0,0
DEV-11130,mobile,Android,422,42.91,1,0,0
DEV-12226,mobile,Android,1,35.05,5,0,0
DEV-11131,mobile,Android,945,15.32,1,0,0
DEV-11132,mobile,Android,956,29.2,1,0,0
DEV-11133,mobile,Android,453,0.65,1,0,0
DEV-11134,mobile,Android,204,53.61,1,0,0
DEV-11135,mobile,Android,196,10.28,1,0,0
DEV-12227,mobile,Android,89,27.94,5,0,0
DEV-11136,mobile,Android,561,52.08,1,0,0
DEV-11137,mobile,Android,926,36.52,1,0,0
DEV-11138,mobile,Android,532,63.29,1,0,0
DEV-11139,mobile,Android,462,32.28,1,0,0
DEV-11140,mobile,Android,615,33.57,1,0,0
DEV-12228,mobile,Android,57,39.52,5,0,0
DEV-11141,mobile,Android,881,35.96,1,0,0
DEV-11142,mobile,Android,711,27.35,1,0,0
DEV-11143,mobile,Android,135,13.53,1,0,0
DEV-11144,mobile,Android,688,61.21,1,0,0
DEV-11145,mobile,Android,879,49.36,1,0,0
DEV-12229,mobile,Android,98,58.01,5,0,0
DEV-11146,mobile,Android,790,14.13,1,0,0
DEV-11147,mobile,Android,251,4.41,1,0,0
DEV-11148,mobile,Android,728,6.66,1,0,0
DEV-11149,mobile,Android,924,45.0,1,0,0
DEV-11150,mobile,Android,376,5.45,1,0,0
DEV-12230,mobile,Android,77,11.97,5,0,0
DEV-11151,mobile,Android,36,3.03,1,0,0
DEV-11152,mobile,Android,448,7.64,1,0,0
DEV-11153,mobile,Android,152,47.15,1,0,0
DEV-11154,mobile,Android,780,20.03,1,0,0
DEV-11155,mobile,Android,921,47.22,1,0,0
DEV-12231,mobile,Android,28,23.65,5,0,0
DEV-11156,mobile,Android,569,10.99,1,0,0
DEV-11157,mobile,Android,713,57.29,1,0,0
DEV-11158,mobile,Android,127,27.53,1,0,0
DEV-11159,mobile,Android,42,2.83,1,0,0
DEV-11160,mobile,Android,737,28.84,1,0,0
DEV-12232,mobile,Android,39,24.61,5,0,0
DEV-11161,mobile,Android,840,16.84,1,0,0
DEV-11162,mobile,Android,161,37.95,1,0,0
DEV-11163,mobile,Android,825,10.27,1,0,0
DEV-11164,mobile,Android,763,62.99,1,0,0
DEV-11165,mobile,Android,623,45.01,1,0,0
DEV-12233,mobile,Android,54,70.5,5,0,0
DEV-11166,mobile,Android,983,8.21,1,0,0
DEV-11167,mobile,Android,443,28.58,1,0,0
DEV-11168,mobile,Android,334,24.23,1,0,0
DEV-11169,mobile,Android,802,4.75,1,0,0
DEV-11170,mobile,Android,385,48.52,1,0,0
DEV-12234,mobile,Android,60,21.03,5,0,0
DEV-11171,mobile,Android,179,18.9,1,0,0
DEV-11172,mobile,Android,957,8.44,1,0,0
DEV-11173,mobile,Android,901,51.04,1,0,0
DEV-11174,mobile,Android,281,12.52,1,0,0
DEV-11175,mobile,Android,25,60.76,1,0,0
DEV-12235,mobile,Android,70,18.28,5,0,0
DEV-11176,mobile,Android,237,7.51,1,0,0
DEV-11177,mobile,Android,405,14.14,1,0,0
DEV-11178,mobile,Android,492,51.25,1,0,0
DEV-11179,mobile,Android,593,17.68,1,0,0
DEV-11180,mobile,Android,304,17.83,1,0,0
DEV-12236,mobile,Android,54,35.97,5,0,0
DEV-11181,mobile,Android,561,31.14,1,0,0
DEV-11182,mobile,Android,732,39.08,1,0,0
DEV-11183,mobile,Android,486,19.19,1,0,0
DEV-11184,mobile,Android,81,56.77,1,0,0
DEV-11185,mobile,Android,879,34.73,1,0,0
DEV-12237,mobile,Android,68,34.59,5,0,0
DEV-11186,mobile,Android,203,3.63,1,0,0
DEV-11187,mobile,Android,394,61.47,1,0,0
DEV-11188,mobile,Android,582,11.9,1,0,0
DEV-11189,mobile,Android,461,23.31,1,0,0
DEV-11190,mobile,Android,242,52.22,1,0,0
DEV-12238,mobile,Android,93,40.9,5,0,0
DEV-11191,mobile,Android,545,6.5,1,0,0
DEV-11192,mobile,Android,647,49.07,1,0,0
DEV-11193,mobile,Android,443,44.06,1,0,0
DEV-11194,mobile,Android,725,10.15,1,0,0
DEV-11195,mobile,Android,959,6.87,1,0,0
DEV-12239,mobile,Android,41,5.75,5,0,0
DEV-11196,mobile,Android,872,50.02,1,0,0
DEV-11197,mobile,Android,980,54.43,1,0,0
DEV-11198,mobile,Android,639,45.09,1,0,0
DEV-11199,mobile,Android,862,30.92,1,0,0
DEV-11200,mobile,Android,35,38.35,1,0,0
DEV-12240,mobile,Android,27,5.93,5,0,0
DEV-11201,mobile,Android,692,35.63,1,0,0
DEV-11202,mobile,Android,679,43.43,1,0,0
DEV-11203,mobile,Android,744,46.56,1,0,0
DEV-11204,mobile,Android,771,53.84,1,0,0
DEV-11205,mobile,Android,350,24.48,1,0,0
DEV-12241,mobile,Android,70,72.41,5,0,0
DEV-11206,mobile,Android,940,45.19,1,0,0
DEV-11207,mobile,Android,975,18.58,1,0,0
DEV-11208,mobile,Android,951,52.84,1,0,0
DEV-11209,mobile,Android,283,45.46,1,0,0
DEV-11210,mobile,Android,741,39.02,1,0,0
DEV-12242,mobile,Android,65,18.18,5,0,0
DEV-11211,mobile,Android,389,34.73,1,0,0
DEV-11212,mobile,Android,170,47.2,1,0,0
DEV-11213,mobile,Android,699,49.1,1,0,0
DEV-11214,mobile,Android,177,47.27,1,0,0
DEV-11215,mobile,Android,721,37.0,1,0,0
DEV-12243,mobile,Android,21,33.79,5,0,0
DEV-11216,mobile,Android,81,45.1,1,0,0
DEV-11217,mobile,Android,340,33.08,1,0,0
DEV-11218,mobile,Android,19,54.57,1,0,0
DEV-11219,mobile,Android,320,8.12,1,0,0
DEV-11220,mobile,Android,615,32.96,1,0,0
DEV-12244,mobile,Android,29,64.95,5,0,0
DEV-11221,mobile,Android,267,55.85,1,0,0
DEV-11222,mobile,Android,136,15.97,1,0,0
DEV-11223,mobile,Android,486,28.94,1,0,0
DEV-11224,mobile,Android,627,60.28,1,0,0
DEV-11225,mobile,Android,215,27.26,1,0,0
DEV-12245,mobile,Android,99,81.78,5,0,0
DEV-11226,mobile,Android,765,24.68,1,0,0
DEV-11227,mobile,Android,843,42.48,1,0,0
DEV-11228,mobile,Android,534,2.6,1,0,0
DEV-11229,mobile,Android,547,39.45,1,0,0
DEV-11230,mobile,Android,689,12.1,1,0,0
DEV-12246,mobile,Android,71,12.1,5,0,0
DEV-11231,mobile,Android,750,21.04,1,0,0
DEV-11232,mobile,Android,916,19.56,1,0,0
DEV-11233,mobile,Android,195,34.1,1,0,0
DEV-11234,mobile,Android,91,55.08,1,0,0
DEV-11235,mobile,Android,663,63.98,1,0,0
DEV-12247,mobile,Android,100,44.91,5,0,0
DEV-11236,mobile,Android,613,37.69,1,0,0
DEV-11237,mobile,Android,811,46.25,1,0,0
DEV-11238,mobile,Android,996,64.15,1,0,0
DEV-11239,mobile,Android,216,13.23,1,0,0
DEV-11240,mobile,Android,152,22.55,1,0,0
DEV-12248,mobile,Android,87,73.15,5,0,0
DEV-11241,mobile,Android,511,51.93,1,0,0
DEV-11242,mobile,Android,957,24.84,1,0,0
DEV-11243,mobile,Android,449,17.16,1,0,0
DEV-11244,mobile,Android,174,3.08,1,0,0
DEV-11245,mobile,Android,778,27.57,1,0,0
DEV-12249,mobile,Android,35,64.43,5,0,0
DEV-11246,mobile,Android,109,59.5,1,0,0
DEV-11247,mobile,Android,630,45.86,1,0,0
DEV-11248,mobile,Android,153,58.1,1,0,0
DEV-11249,mobile,Android,414,60.82,1,0,0
DEV-11250,mobile,Android,995,2.62,1,0,0
DEV-12250,mobile,Android,64,16.99,5,0,0
DEV-11251,mobile,Android,220,11.9,1,0,0
DEV-11252,mobile,Android,429,3.23,1,0,0
DEV-11253,mobile,Android,777,63.46,1,0,0
DEV-11254,mobile,Android,705,21.32,1,0,0
DEV-11255,mobile,Android,738,64.38,1,0,0
DEV-12251,mobile,Android,33,9.82,5,0,0
DEV-11256,mobile,Android,672,4.49,1,0,0
DEV-11257,mobile,Android,531,63.47,1,0,0
DEV-11258,mobile,Android,121,1.13,1,0,0
DEV-11259,mobile,Android,511,13.83,1,0,0
DEV-11260,mobile,Android,845,37.11,1,0,0
DEV-12252,mobile,Android,72,6.33,5,0,0
DEV-11261,mobile,Android,431,48.2,1,0,0
DEV-11262,mobile,Android,469,58.76,1,0,0
DEV-11263,mobile,Android,441,52.15,1,0,0
DEV-11264,mobile,Android,884,57.76,1,0,0
DEV-11265,mobile,Android,811,31.57,1,0,0
DEV-12253,mobile,Android,85,58.79,5,0,0
DEV-11266,mobile,Android,484,52.44,1,0,0
DEV-11267,mobile,Android,568,13.86,1,0,0
DEV-11268,mobile,Android,706,19.07,1,0,0
DEV-11269,mobile,Android,599,18.18,1,0,0
DEV-11270,mobile,Android,244,14.95,1,0,0
DEV-12254,mobile,Android,27,12.58,5,0,0
DEV-11271,mobile,Android,588,9.16,1,0,0
DEV-11272,mobile,Android,804,36.07,1,0,0
DEV-11273,mobile,Android,953,58.63,1,0,0
DEV-11274,mobile,Android,208,22.52,1,0,0
DEV-11275,mobile,Android,251,47.43,1,0,0
DEV-12255,mobile,Android,44,23.35,5,0,0
DEV-11276,mobile,Android,201,25.85,1,0,0
DEV-11277,mobile,Android,542,33.37,1,0,0
DEV-11278,mobile,Android,863,9.8,1,0,0
DEV-11279,mobile,Android,787,57.42,1,0,0
DEV-11280,mobile,Android,437,52.52,1,0,0
DEV-12256,mobile,Android,31,32.48,5,0,0
DEV-11281,mobile,Android,297,34.26,1,0,0
DEV-11282,mobile,Android,454,0.76,1,0,0
DEV-11283,mobile,Android,360,43.64,1,0,0
DEV-11284,mobile,Android,314,48.85,1,0,0
DEV-11285,mobile,Android,195,9.21,1,0,0
DEV-12257,mobile,Android,86,15.48,5,0,0
DEV-11286,mobile,Android,913,10.3,1,0,0
DEV-11287,mobile,Android,315,33.93,1,0,0
DEV-11288,mobile,Android,664,56.74,1,0,0
DEV-11289,mobile,Android,476,28.34,1,0,0
DEV-11290,mobile,Android,947,17.89,1,0,0
DEV-12258,mobile,Android,94,27.81,5,0,0
DEV-11291,mobile,Android,470,11.17,1,0,0
DEV-11292,mobile,Android,573,46.16,1,0,0
DEV-11293,mobile,Android,729,16.73,1,0,0
DEV-11294,mobile,Android,831,21.62,1,0,0
DEV-11295,mobile,Android,939,49.72,1,0,0
DEV-12259,mobile,Android,86,40.54,5,0,0
DEV-11296,mobile,Android,255,0.33,1,0,0
DEV-11297,mobile,Android,122,61.07,1,0,0
DEV-11298,mobile,Android,788,26.21,1,0,0
DEV-11299,mobile,Android,690,13.89,1,0,0
DEV-11300,mobile,Android,40,34.81,1,0,0
DEV-12260,mobile,Android,60,7.29,5,0,0
DEV-11301,mobile,Android,288,60.02,1,0,0
DEV-11302,mobile,Android,330,16.44,1,0,0
DEV-11303,mobile,Android,378,33.04,1,0,0
DEV-11304,mobile,Android,139,47.58,1,0,0
DEV-11305,mobile,Android,569,33.32,1,0,0
DEV-12261,mobile,Android,95,56.84,5,0,0
DEV-11306,mobile,Android,205,18.94,1,0,0
DEV-11307,mobile,Android,444,44.85,1,0,0
DEV-11308,mobile,Android,168,48.31,1,0,0
DEV-11309,mobile,Android,871,7.93,1,0,0
DEV-11310,mobile,Android,702,12.61,1,0,0
DEV-12262,mobile,Android,25,22.56,5,0,0
DEV-11311,mobile,Android,109,12.59,1,0,0
DEV-11312,mobile,Android,429,43.27,1,0,0
DEV-11313,mobile,Android,997,61.79,1,0,0
DEV-11314,mobile,Android,856,52.19,1,0,0
DEV-11315,mobile,Android,903,45.28,1,0,0
DEV-12263,mobile,Android,36,34.94,5,0,0
DEV-11316,mobile,Android,271,15.11,1,0,0
DEV-11317,mobile,Android,911,64.76,1,0,0
DEV-11318,mobile,Android,833,54.18,1,0,0
DEV-11319,mobile,Android,14,14.96,1,0,0
DEV-11320,mobile,Android,707,43.42,1,0,0
DEV-12264,mobile,Android,15,43.39,5,0,0
DEV-11321,mobile,Android,885,34.86,1,0,0
DEV-11322,mobile,Android,940,35.41,1,0,0
DEV-11323,mobile,Android,658,40.9,1,0,0
DEV-11324,mobile,Android,672,47.54,1,0,0
DEV-11325,mobile,Android,339,55.95,1,0,0
DEV-12265,mobile,Android,58,60.47,5,0,0
DEV-11326,mobile,Android,219,36.93,1,0,0
DEV-11327,mobile,Android,766,7.66,1,0,0
DEV-11328,mobile,Android,208,11.99,1,0,0
DEV-11329,mobile,Android,598,55.3,1,0,0
DEV-11330,mobile,Android,943,50.33,1,0,0
DEV-12266,mobile,Android,4,38.49,5,0,0
DEV-11331,mobile,Android,265,20.58,1,0,0
DEV-11332,mobile,Android,951,45.06,1,0,0
DEV-11333,mobile,Android,585,14.53,1,0,0
DEV-11334,mobile,Android,630,14.09,1,0,0
DEV-11335,mobile,Android,353,32.39,1,0,0
DEV-12267,mobile,Android,75,81.86,5,0,0
DEV-11336,mobile,Android,312,34.49,1,0,0
DEV-11337,mobile,Android,515,4.32,1,0,0
DEV-11338,mobile,Android,412,60.6,1,0,0
DEV-11339,mobile,Android,342,25.93,1,0,0
DEV-11340,mobile,Android,254,52.83,1,0,0
DEV-12268,mobile,Android,35,69.11,5,0,0
DEV-11341,mobile,Android,718,53.91,1,0,0
DEV-11342,mobile,Android,258,13.76,1,0,0
DEV-11343,mobile,Android,21,31.24,1,0,0
DEV-11344,mobile,Android,884,10.61,1,0,0
DEV-11345,mobile,Android,137,2.11,1,0,0
DEV-12269,mobile,Android,34,21.98,5,0,0
DEV-11346,mobile,Android,537,13.85,1,0,0
DEV-11347,mobile,Android,133,32.54,1,0,0
DEV-11348,mobile,Android,491,24.21,1,0,0
DEV-11349,mobile,Android,802,3.91,1,0,0
DEV-11350,mobile,Android,701,15.77,1,0,0
DEV-12270,mobile,Android,91,61.83,5,0,0
DEV-11351,mobile,Android,972,58.58,1,0,0
DEV-11352,mobile,Android,11,5.81,1,0,0
DEV-11353,mobile,Android,80,33.96,1,0,0
DEV-11354,mobile,Android,15,53.63,1,0,0
DEV-11355,mobile,Android,983,13.1,1,0,0
DEV-12271,mobile,Android,86,8.31,5,0,0
DEV-11356,mobile,Android,246,16.97,1,0,0
DEV-11357,mobile,Android,617,46.77,1,0,0
DEV-11358,mobile,Android,79,48.09,1,0,0
DEV-11359,mobile,Android,646,59.13,1,0,0
DEV-11360,mobile,Android,894,10.69,1,0,0
DEV-12272,mobile,Android,54,33.82,5,0,0
DEV-11361,mobile,Android,434,42.8,1,0,0
DEV-11362,mobile,Android,116,30.07,1,0,0
DEV-11363,mobile,Android,806,36.34,1,0,0
DEV-11364,mobile,Android,159,37.32,1,0,0
DEV-11365,mobile,Android,832,29.58,1,0,0
DEV-12273,mobile,Android,85,79.77,5,0,0
DEV-11366,mobile,Android,999,60.26,1,0,0
DEV-11367,mobile,Android,229,2.96,1,0,0
DEV-11368,mobile,Android,429,33.88,1,0,0
DEV-11369,mobile,Android,96,9.23,1,0,0
DEV-11370,mobile,Android,232,54.96,1,0,0
DEV-12274,mobile,Android,84,13.65,5,0,0
DEV-11371,mobile,Android,321,31.44,1,0,0
DEV-11372,mobile,Android,126,56.16,1,0,0
DEV-11373,mobile,Android,712,57.88,1,0,0
DEV-11374,mobile,Android,319,49.99,1,0,0
DEV-11375,mobile,Android,404,38.94,1,0,0
DEV-12275,mobile,Android,47,59.02,5,0,0
DEV-11376,mobile,Android,990,0.7,1,0,0
DEV-11377,mobile,Android,530,48.42,1,0,0
DEV-11378,mobile,Android,371,39.1,1,0,0
DEV-11379,mobile,Android,303,60.06,1,0,0
DEV-11380,mobile,Android,763,43.78,1,0,0
DEV-12276,mobile,Android,17,70.34,5,0,0
DEV-11381,mobile,Android,374,13.04,1,0,0
DEV-11382,mobile,Android,927,37.37,1,0,0
DEV-11383,mobile,Android,191,35.11,1,0,0
DEV-11384,mobile,Android,957,58.66,1,0,0
DEV-11385,mobile,Android,283,24.02,1,0,0
DEV-12277,mobile,Android,39,41.44,5,0,0
DEV-11386,mobile,Android,582,5.31,1,0,0
DEV-11387,mobile,Android,34,25.72,1,0,0
DEV-11388,mobile,Android,208,22.16,1,0,0
DEV-11389,mobile,Android,955,55.95,1,0,0
DEV-11390,mobile,Android,674,51.84,1,0,0
DEV-12278,mobile,Android,47,49.88,5,0,0
DEV-11391,mobile,Android,965,54.72,1,0,0
DEV-11392,mobile,Android,464,29.07,1,0,0
DEV-11393,mobile,Android,846,12.0,1,0,0
DEV-11394,mobile,Android,394,34.51,1,0,0
DEV-11395,mobile,Android,210,22.6,1,0,0
DEV-12279,mobile,Android,89,70.98,5,0,0
DEV-11396,mobile,Android,840,44.18,1,0,0
DEV-11397,mobile,Android,390,22.22,1,0,0
DEV-11398,mobile,Android,33,8.26,1,0,0
DEV-11399,mobile,Android,18,10.85,1,0,0
DEV-11400,mobile,Android,574,18.93,1,0,0
DEV-12280,mobile,Android,29,37.49,5,0,0
DEV-11401,mobile,Android,622,60.86,1,0,0
DEV-11402,mobile,Android,341,53.47,1,0,0
DEV-11403,mobile,Android,289,64.97,1,0,0
DEV-11404,mobile,Android,656,37.45,1,0,0
DEV-11405,mobile,Android,864,40.95,1,0,0
DEV-12281,mobile,Android,11,57.42,5,0,0
DEV-11406,mobile,Android,938,5.06,1,0,0
DEV-11407,mobile,Android,823,6.2,1,0,0
DEV-11408,mobile,Android,35,48.01,1,0,0
DEV-11409,mobile,Android,475,12.42,1,0,0
DEV-11410,mobile,Android,946,17.74,1,0,0
DEV-12282,mobile,Android,1,51.94,5,0,0
DEV-11411,mobile,Android,650,16.68,1,0,0
DEV-11412,mobile,Android,78,41.96,1,0,0
DEV-11413,mobile,Android,570,31.46,1,0,0
DEV-11414,mobile,Android,132,5.62,1,0,0
DEV-11415,mobile,Android,541,9.42,1,0,0
DEV-12283,mobile,Android,12,55.14,5,0,0
DEV-11416,mobile,Android,727,33.72,1,0,0
DEV-11417,mobile,Android,142,2.08,1,0,0
DEV-11418,mobile,Android,692,64.3,1,0,0
DEV-11419,mobile,Android,645,38.49,1,0,0
DEV-11420,mobile,Android,308,59.13,1,0,0
DEV-12284,mobile,Android,75,54.8,5,0,0
DEV-11421,mobile,Android,765,14.0,1,0,0
DEV-11422,mobile,Android,813,5.4,1,0,0
DEV-11423,mobile,Android,103,58.88,1,0,0
DEV-11424,mobile,Android,545,29.38,1,0,0
DEV-11425,mobile,Android,666,59.38,1,0,0
DEV-12285,mobile,Android,82,35.05,5,0,0
DEV-11426,mobile,Android,230,6.14,1,0,0
DEV-11427,mobile,Android,790,8.36,1,0,0
DEV-11428,mobile,Android,967,18.35,1,0,0
DEV-11429,mobile,Android,438,5.35,1,0,0
DEV-11430,mobile,Android,585,16.75,1,0,0
DEV-12286,mobile,Android,55,57.37,5,0,0
DEV-11431,mobile,Android,71,44.22,1,0,0
DEV-11432,mobile,Android,474,4.28,1,0,0
DEV-11433,mobile,Android,921,11.93,1,0,0
DEV-11434,mobile,Android,460,4.89,1,0,0
DEV-11435,mobile,Android,815,37.39,1,0,0
DEV-12287,mobile,Android,6,9.23,5,0,0
DEV-11436,mobile,Android,959,24.9,1,0,0
DEV-11437,mobile,Android,313,10.3,1,0,0
DEV-11438,mobile,Android,292,61.34,1,0,0
DEV-11439,mobile,Android,904,38.37,1,0,0
DEV-11440,mobile,Android,491,17.39,1,0,0
DEV-12288,mobile,Android,24,20.4,5,0,0
DEV-11441,mobile,Android,81,58.72,1,0,0
DEV-11442,mobile,Android,17,21.63,1,0,0
DEV-11443,mobile,Android,751,62.88,1,0,0
DEV-11444,mobile,Android,982,6.93,1,0,0
DEV-11445,mobile,Android,28,34.89,1,0,0
DEV-12289,mobile,Android,21,80.73,5,0,0
DEV-11446,mobile,Android,952,25.88,1,0,0
DEV-11447,mobile,Android,869,5.06,1,0,0
DEV-11448,mobile,Android,315,6.64,1,0,0
DEV-11449,mobile,Android,746,53.87,1,0,0
DEV-11450,mobile,Android,241,64.55,1,0,0
DEV-12290,mobile,Android,81,7.45,5,0,0
DEV-11451,mobile,Android,98,58.47,1,0,0
DEV-11452,mobile,Android,933,32.03,1,0,0
DEV-11453,mobile,Android,34,35.12,1,0,0
DEV-11454,mobile,Android,591,63.52,1,0,0
DEV-11455,mobile,Android,654,31.76,1,0,0
DEV-12291,mobile,Android,47,6.75,5,0,0
DEV-11456,mobile,Android,644,42.68,1,0,0
DEV-11457,mobile,Android,394,56.46,1,0,0
DEV-11458,mobile,Android,240,44.2,1,0,0
DEV-11459,mobile,Android,944,4.31,1,0,0
DEV-11460,mobile,Android,865,43.22,1,0,0
DEV-12292,mobile,Android,51,44.67,5,0,0
DEV-11461,mobile,Android,944,63.75,1,0,0
DEV-11462,mobile,Android,253,56.28,1,0,0
DEV-11463,mobile,Android,731,51.01,1,0,0
DEV-11464,mobile,Android,566,63.73,1,0,0
DEV-11465,mobile,Android,515,46.62,1,0,0
DEV-12293,mobile,Android,29,65.6,5,0,0
DEV-11466,mobile,Android,14,24.11,1,0,0
DEV-11467,mobile,Android,466,57.06,1,0,0
DEV-11468,mobile,Android,914,22.73,1,0,0
DEV-11469,mobile,Android,178,36.59,1,0,0
DEV-11470,mobile,Android,696,64.56,1,0,0
DEV-12294,mobile,Android,15,7.19,5,0,0
DEV-11471,mobile,Android,525,14.97,1,0,0
DEV-11472,mobile,Android,30,18.06,1,0,0
DEV-11473,mobile,Android,356,41.04,1,0,0
DEV-11474,mobile,Android,889,17.54,1,0,0
DEV-11475,mobile,Android,128,48.67,1,0,0
DEV-12295,mobile,Android,86,11.7,5,0,0
DEV-11476,mobile,Android,367,25.94,1,0,0
DEV-11477,mobile,Android,122,40.17,1,0,0
DEV-11478,mobile,Android,86,55.92,1,0,0
DEV-11479,mobile,Android,17,58.1,1,0,0
DEV-11480,mobile,Android,926,60.12,1,0,0
DEV-12296,mobile,Android,32,83.96,5,0,0
DEV-11481,mobile,Android,395,0.38,1,0,0
DEV-11482,mobile,Android,155,45.17,1,0,0
DEV-11483,mobile,Android,866,56.48,1,0,0
DEV-11484,mobile,Android,278,10.79,1,0,0
DEV-11485,mobile,Android,803,57.56,1,0,0
DEV-12297,mobile,Android,27,8.5,5,0,0
DEV-11486,mobile,Android,753,8.59,1,0,0
DEV-11487,mobile,Android,296,59.69,1,0,0
DEV-11488,mobile,Android,895,64.49,1,0,0
DEV-11489,mobile,Android,27,9.93,1,0,0
DEV-11490,mobile,Android,286,41.27,1,0,0
DEV-12298,mobile,Android,78,20.63,5,0,0
DEV-11491,mobile,Android,531,6.42,1,0,0
DEV-11492,mobile,Android,965,27.66,1,0,0
DEV-11493,mobile,Android,374,56.27,1,0,0
DEV-11494,mobile,Android,528,31.44,1,0,0
DEV-11495,mobile,Android,18,2.59,1,0,0
DEV-12299,mobile,Android,73,64.24,5,0,0
DEV-11496,mobile,Android,485,7.4,1,0,0
DEV-11497,mobile,Android,958,9.88,1,0,0
DEV-11498,mobile,Android,814,1.77,1,0,0
DEV-11499,mobile,Android,572,12.4,1,0,0
DEV-11500,mobile,Android,18,8.3,1,0,0
DEV-12300,mobile,Android,72,67.05,5,0,0
DEV-11501,mobile,Android,689,2.42,1,0,0
DEV-11502,mobile,Android,526,7.97,1,0,0
DEV-11503,mobile,Android,583,21.75,1,0,0
DEV-11504,mobile,Android,273,43.55,1,0,0
DEV-11505,mobile,Android,125,0.29,1,0,0
DEV-12301,mobile,Android,51,47.2,5,0,0
DEV-11506,mobile,Android,154,6.51,1,0,0
DEV-11507,mobile,Android,950,34.2,1,0,0
DEV-11508,mobile,Android,796,13.53,1,0,0
DEV-11509,mobile,Android,357,43.68,1,0,0
DEV-11510,mobile,Android,692,63.24,1,0,0
DEV-12302,mobile,Android,5,24.3,5,0,0
DEV-11511,mobile,Android,909,33.06,1,0,0
DEV-11512,mobile,Android,838,39.42,1,0,0
DEV-11513,mobile,Android,524,60.98,1,0,0
DEV-11514,mobile,Android,660,33.76,1,0,0
DEV-11515,mobile,Android,542,6.47,1,0,0
DEV-12303,mobile,Android,38,17.8,5,0,0
DEV-11516,mobile,Android,657,55.65,1,0,0
DEV-11517,mobile,Android,299,10.56,1,0,0
DEV-11518,mobile,Android,318,45.68,1,0,0
DEV-11519,mobile,Android,62,19.63,1,0,0
DEV-11520,mobile,Android,705,24.88,1,0,0
DEV-12304,mobile,Android,13,34.34,5,0,0
DEV-11521,mobile,Android,178,0.51,1,0,0
DEV-11522,mobile,Android,565,54.95,1,0,0
DEV-11523,mobile,Android,661,30.0,1,0,0
DEV-11524,mobile,Android,991,25.08,1,0,0
DEV-11525,mobile,Android,284,18.21,1,0,0
DEV-12305,mobile,Android,50,52.65,5,0,0
DEV-11526,mobile,Android,876,3.2,1,0,0
DEV-11527,mobile,Android,232,9.0,1,0,0
DEV-11528,mobile,Android,948,11.76,1,0,0
DEV-11529,mobile,Android,847,20.93,1,0,0
DEV-11530,mobile,Android,189,46.07,1,0,0
DEV-12306,mobile,Android,87,69.12,5,0,0
DEV-11531,mobile,Android,603,34.56,1,0,0
DEV-11532,mobile,Android,556,60.79,1,0,0
DEV-11533,mobile,Android,317,20.3,1,0,0
DEV-11534,mobile,Android,625,35.54,1,0,0
DEV-11535,mobile,Android,651,24.88,1,0,0
DEV-12307,mobile,Android,19,50.93,5,0,0
DEV-11536,mobile,Android,877,24.29,1,0,0
DEV-11537,mobile,Android,710,47.97,1,0,0
DEV-11538,mobile,Android,623,10.4,1,0,0
DEV-11539,mobile,Android,239,44.13,1,0,0
DEV-11540,mobile,Android,301,55.63,1,0,0
DEV-12308,mobile,Android,5,20.68,5,0,0
DEV-11541,mobile,Android,993,63.5,1,0,0
DEV-11542,mobile,Android,418,46.36,1,0,0
DEV-11543,mobile,Android,286,36.91,1,0,0
DEV-11544,mobile,Android,873,20.36,1,0,0
DEV-11545,mobile,Android,609,28.94,1,0,0
DEV-12309,mobile,Android,88,36.54,5,0,0
DEV-11546,mobile,Android,473,38.16,1,0,0
DEV-11547,mobile,Android,242,24.94,1,0,0
DEV-11548,mobile,Android,617,53.53,1,0,0
DEV-11549,mobile,Android,741,34.72,1,0,0
DEV-11550,mobile,Android,237,31.1,1,0,0
DEV-12310,mobile,Android,23,46.36,5,0,0
DEV-11551,mobile,Android,684,25.38,1,0,0
DEV-11552,mobile,Android,648,11.92,1,0,0
DEV-11553,mobile,Android,418,32.82,1,0,0
DEV-11554,mobile,Android,698,25.58,1,0,0
DEV-11555,mobile,Android,806,43.72,1,0,0
DEV-12311,mobile,Android,66,35.74,5,0,0
DEV-11556,mobile,Android,547,62.04,1,0,0
DEV-11557,mobile,Android,235,33.26,1,0,0
DEV-11558,mobile,Android,297,63.31,1,0,0
DEV-11559,mobile,Android,165,45.46,1,0,0
DEV-11560,mobile,Android,845,46.36,1,0,0
DEV-12312,mobile,Android,39,35.74,5,0,0
DEV-11561,mobile,Android,198,51.59,1,0,0
DEV-11562,mobile,Android,752,35.97,1,0,0
DEV-11563,mobile,Android,576,47.68,1,0,0
DEV-11564,mobile,Android,440,10.03,1,0,0
DEV-11565,mobile,Android,603,19.92,1,0,0
DEV-12313,mobile,Android,42,74.05,5,0,0
DEV-11566,mobile,Android,552,18.87,1,0,0
DEV-11567,mobile,Android,499,45.37,1,0,0
DEV-11568,mobile,Android,231,6.66,1,0,0
DEV-11569,mobile,Android,521,49.07,1,0,0
DEV-11570,mobile,Android,367,32.33,1,0,0
DEV-12314,mobile,Android,90,64.89,5,0,0
DEV-11571,mobile,Android,756,12.12,1,0,0
DEV-11572,mobile,Android,30,21.82,1,0,0
DEV-11573,mobile,Android,277,18.07,1,0,0
DEV-11574,mobile,Android,602,33.02,1,0,0
DEV-11575,mobile,Android,874,8.58,1,0,0
DEV-12315,mobile,Android,96,63.77,5,0,0
DEV-11576,mobile,Android,649,53.05,1,0,0
DEV-11577,mobile,Android,134,42.81,1,0,0
DEV-11578,mobile,Android,539,57.3,1,0,0
DEV-11579,mobile,Android,302,36.66,1,0,0
DEV-11580,mobile,Android,683,18.02,1,0,0
DEV-12316,mobile,Android,48,70.49,5,0,0
DEV-11581,mobile,Android,869,2.22,1,0,0
DEV-11582,mobile,Android,753,23.54,1,0,0
DEV-11583,mobile,Android,541,25.29,1,0,0
DEV-11584,mobile,Android,740,55.59,1,0,0
DEV-11585,mobile,Android,393,36.45,1,0,0
DEV-12317,mobile,Android,45,27.97,5,0,0
DEV-11586,mobile,Android,671,61.26,1,0,0
DEV-11587,mobile,Android,902,4.6,1,0,0
DEV-11588,mobile,Android,454,2.36,1,0,0
DEV-11589,mobile,Android,794,14.73,1,0,0
DEV-11590,mobile,Android,448,52.64,1,0,0
DEV-12318,mobile,Android,56,18.05,5,0,0
DEV-11591,mobile,Android,618,62.61,1,0,0
DEV-11592,mobile,Android,32,63.08,1,0,0
DEV-11593,mobile,Android,472,54.18,1,0,0
DEV-11594,mobile,Android,886,13.02,1,0,0
DEV-11595,mobile,Android,245,43.83,1,0,0
DEV-12319,mobile,Android,83,73.84,5,0,0
DEV-11596,mobile,Android,813,31.0,1,0,0
DEV-11597,mobile,Android,565,31.88,1,0,0
DEV-11598,mobile,Android,626,20.77,1,0,0
DEV-11599,mobile,Android,64,42.42,1,0,0
DEV-11600,mobile,Android,517,37.08,1,0,0
DEV-12320,mobile,Android,19,47.11,5,0,0
DEV-11601,mobile,Android,103,14.28,1,0,0
DEV-11602,mobile,Android,414,9.98,1,0,0
DEV-11603,mobile,Android,251,44.7,1,0,0
DEV-11604,mobile,Android,496,33.94,1,0,0
DEV-11605,mobile,Android,851,60.4,1,0,0
DEV-12321,mobile,Android,27,36.8,5,0,0
DEV-11606,mobile,Android,290,45.72,1,0,0
DEV-11607,mobile,Android,96,31.34,1,0,0
DEV-11608,mobile,Android,642,32.16,1,0,0
DEV-11609,mobile,Android,74,13.22,1,0,0
DEV-11610,mobile,Android,465,1.08,1,0,0
DEV-12322,mobile,Android,31,62.98,5,0,0
DEV-11611,mobile,Android,198,21.46,1,0,0
DEV-11612,mobile,Android,532,46.07,1,0,0
DEV-11613,mobile,Android,558,30.49,1,0,0
DEV-11614,mobile,Android,689,20.31,1,0,0
DEV-11615,mobile,Android,563,9.03,1,0,0
DEV-12323,mobile,Android,40,38.65,5,0,0
DEV-11616,mobile,Android,743,30.53,1,0,0
DEV-11617,mobile,Android,484,61.7,1,0,0
DEV-11618,mobile,Android,384,41.22,1,0,0
DEV-11619,mobile,Android,137,52.12,1,0,0
DEV-11620,mobile,Android,835,6.93,1,0,0
DEV-12324,mobile,Android,95,13.66,5,0,0
DEV-11621,mobile,Android,737,47.5,1,0,0
DEV-11622,mobile,Android,709,11.39,1,0,0
DEV-11623,mobile,Android,613,5.31,1,0,0
DEV-11624,mobile,Android,210,48.4,1,0,0
DEV-11625,mobile,Android,199,12.1,1,0,0
DEV-12325,mobile,Android,67,76.72,5,0,0
DEV-11626,mobile,Android,552,4.16,1,0,0
DEV-11627,mobile,Android,161,59.33,1,0,0
DEV-11628,mobile,Android,642,43.57,1,0,0
DEV-11629,mobile,Android,640,28.17,1,0,0
DEV-11630,mobile,Android,337,53.18,1,0,0
DEV-12326,mobile,Android,86,71.76,5,0,0
DEV-11631,mobile,Android,438,16.82,1,0,0
DEV-11632,mobile,Android,499,51.3,1,0,0
DEV-11633,mobile,Android,926,0.04,1,0,0
DEV-11634,mobile,Android,578,55.55,1,0,0
DEV-11635,mobile,Android,372,48.68,1,0,0
DEV-12327,mobile,Android,35,58.68,5,0,0
DEV-11636,mobile,Android,672,37.59,1,0,0
DEV-11637,mobile,Android,197,62.95,1,0,0
DEV-11638,mobile,Android,87,61.32,1,0,0
DEV-11639,mobile,Android,575,28.81,1,0,0
DEV-11640,mobile,Android,106,31.47,1,0,0
DEV-12328,mobile,Android,68,77.92,5,0,0
DEV-11641,mobile,Android,215,56.62,1,0,0
DEV-11642,mobile,Android,815,29.94,1,0,0
DEV-11643,mobile,Android,37,0.88,1,0,0
DEV-11644,mobile,Android,185,6.6,1,0,0
DEV-11645,mobile,Android,599,10.63,1,0,0
DEV-12329,mobile,Android,44,51.23,5,0,0
DEV-11646,mobile,Android,805,48.46,1,0,0
DEV-11647,mobile,Android,866,14.41,1,0,0
DEV-11648,mobile,Android,977,57.88,1,0,0
DEV-11649,mobile,Android,423,29.15,1,0,0
DEV-11650,mobile,Android,50,45.74,1,0,0
DEV-12330,mobile,Android,4,47.03,5,0,0
DEV-11651,mobile,Android,91,53.89,1,0,0
DEV-11652,mobile,Android,320,39.16,1,0,0
DEV-11653,mobile,Android,298,13.05,1,0,0
DEV-11654,mobile,Android,504,45.88,1,0,0
DEV-11655,mobile,Android,853,61.99,1,0,0
DEV-12331,mobile,Android,3,22.51,5,0,0
DEV-11656,mobile,Android,980,14.57,1,0,0
DEV-11657,mobile,Android,784,30.14,1,0,0
DEV-11658,mobile,Android,864,33.44,1,0,0
DEV-11659,mobile,Android,208,5.95,1,0,0
DEV-11660,mobile,Android,93,41.15,1,0,0
DEV-12332,mobile,Android,61,45.94,5,0,0
DEV-11661,mobile,Android,794,38.59,1,0,0
DEV-11662,mobile,Android,204,50.48,1,0,0
DEV-11663,mobile,Android,189,28.51,1,0,0
DEV-11664,mobile,Android,300,13.58,1,0,0
DEV-11665,mobile,Android,32,1.12,1,0,0
DEV-12333,mobile,Android,28,52.17,5,0,0
DEV-11666,mobile,Android,721,10.53,1,0,0
DEV-11667,mobile,Android,251,56.51,1,0,0
DEV-11668,mobile,Android,950,12.74,1,0,0
DEV-11669,mobile,Android,20,29.21,1,0,0
DEV-11670,mobile,Android,588,56.45,1,0,0
DEV-12334,mobile,Android,24,55.14,5,0,0
DEV-11671,mobile,Android,303,10.46,1,0,0
DEV-11672,mobile,Android,204,53.42,1,0,0
DEV-11673,mobile,Android,451,42.1,1,0,0
DEV-11674,mobile,Android,480,50.11,1,0,0
DEV-11675,mobile,Android,502,61.48,1,0,0
DEV-12335,mobile,Android,27,13.61,5,0,0
DEV-11676,mobile,Android,516,32.45,1,0,0
DEV-11677,mobile,Android,778,30.36,1,0,0
DEV-11678,mobile,Android,923,60.98,1,0,0
DEV-11679,mobile,Android,459,24.02,1,0,0
DEV-11680,mobile,Android,30,11.7,1,0,0
DEV-12336,mobile,Android,11,8.16,5,0,0
DEV-11681,mobile,Android,331,31.25,1,0,0
DEV-11682,mobile,Android,931,27.25,1,0,0
DEV-11683,mobile,Android,17,41.08,1,0,0
DEV-11684,mobile,Android,579,39.82,1,0,0
DEV-11685,mobile,Android,686,60.98,1,0,0
DEV-12337,mobile,Android,67,82.67,5,0,0
DEV-11686,mobile,Android,265,20.94,1,0,0
DEV-11687,mobile,Android,978,59.41,1,0,0
DEV-11688,mobile,Android,364,29.78,1,0,0
DEV-11689,mobile,Android,797,32.59,1,0,0
DEV-11690,mobile,Android,353,9.17,1,0,0
DEV-12338,mobile,Android,30,75.24,5,0,0
DEV-11691,mobile,Android,951,40.33,1,0,0
DEV-11692,mobile,Android,796,24.78,1,0,0
DEV-11693,mobile,Android,165,13.11,1,0,0
DEV-11694,mobile,Android,948,20.93,1,0,0
DEV-11695,mobile,Android,440,9.35,1,0,0
DEV-12339,mobile,Android,94,52.33,5,0,0
DEV-11696,mobile,Android,885,20.95,1,0,0
DEV-11697,mobile,Android,667,54.77,1,0,0
DEV-11698,mobile,Android,203,59.07,1,0,0
DEV-11699,mobile,Android,97,54.7,1,0,0
DEV-11700,mobile,Android,586,57.39,1,0,0
DEV-12340,mobile,Android,59,53.8,5,0,0
DEV-11701,mobile,Android,544,10.44,1,0,0
DEV-11702,mobile,Android,379,60.99,1,0,0
DEV-11703,mobile,Android,210,41.57,1,0,0
DEV-11704,mobile,Android,421,15.93,1,0,0
DEV-11705,mobile,Android,413,25.84,1,0,0
DEV-12341,mobile,Android,44,25.0,5,0,0
DEV-11706,mobile,Android,225,54.2,1,0,0
DEV-11707,mobile,Android,919,8.37,1,0,0
DEV-11708,mobile,Android,833,7.85,1,0,0
DEV-11709,mobile,Android,786,21.41,1,0,0
DEV-11710,mobile,Android,710,24.28,1,0,0
DEV-12342,mobile,Android,35,70.95,5,0,0
DEV-11711,mobile,Android,100,58.07,1,0,0
DEV-11712,mobile,Android,195,18.64,1,0,0
DEV-11713,mobile,Android,879,54.56,1,0,0
DEV-11714,mobile,Android,930,62.7,1,0,0
DEV-11715,mobile,Android,691,21.31,1,0,0
DEV-12343,mobile,Android,42,28.28,5,0,0
DEV-11716,mobile,Android,33,60.01,1,0,0
DEV-11717,mobile,Android,108,33.51,1,0,0
DEV-11718,mobile,Android,367,12.24,1,0,0
DEV-11719,mobile,Android,23,24.98,1,0,0
DEV-11720,mobile,Android,629,8.04,1,0,0
DEV-12344,mobile,Android,69,41.42,5,0,0
DEV-11721,mobile,Android,208,50.84,1,0,0
DEV-11722,mobile,Android,961,53.41,1,0,0
DEV-11723,mobile,Android,377,63.33,1,0,0
DEV-11724,mobile,Android,766,48.93,1,0,0
DEV-11725,mobile,Android,346,61.43,1,0,0
DEV-12345,mobile,Android,48,76.84,5,0,0
DEV-11726,mobile,Android,145,35.03,1,0,0
DEV-11727,mobile,Android,626,62.77,1,0,0
DEV-11728,mobile,Android,294,35.63,1,0,0
DEV-11729,mobile,Android,24,60.89,1,0,0
DEV-11730,mobile,Android,203,36.28,1,0,0
DEV-12346,mobile,Android,53,10.94,5,0,0
DEV-11731,mobile,Android,811,20.27,1,0,0
DEV-11732,mobile,Android,715,3.53,1,0,0
DEV-11733,mobile,Android,35,40.55,1,0,0
DEV-11734,mobile,Android,586,59.05,1,0,0
DEV-11735,mobile,Android,148,44.35,1,0,0
DEV-12347,mobile,Android,1,32.08,5,0,0
DEV-11736,mobile,Android,930,48.62,1,0,0
DEV-11737,mobile,Android,794,3.04,1,0,0
DEV-11738,mobile,Android,854,43.64,1,0,0
DEV-11739,mobile,Android,438,42.81,1,0,0
DEV-11740,mobile,Android,719,35.42,1,0,0
DEV-12348,mobile,Android,98,73.38,5,0,0
DEV-11741,mobile,Android,470,5.52,1,0,0
DEV-11742,mobile,Android,702,52.72,1,0,0
DEV-11743,mobile,Android,253,7.67,1,0,0
DEV-11744,mobile,Android,723,41.42,1,0,0
DEV-11745,mobile,Android,185,35.12,1,0,0
DEV-12349,mobile,Android,56,54.34,5,0,0
DEV-11746,mobile,Android,849,17.48,1,0,0
DEV-11747,mobile,Android,717,59.34,1,0,0
DEV-11748,mobile,Android,381,64.38,1,0,0
DEV-11749,mobile,Android,482,35.56,1,0,0
DEV-11750,mobile,Android,286,54.07,1,0,0
DEV-12350,mobile,Android,78,24.89,5,0,0
DEV-11751,mobile,Android,509,1.85,1,0,0
DEV-11752,mobile,Android,207,52.45,1,0,0
DEV-11753,mobile,Android,496,11.22,1,0,0
DEV-11754,mobile,Android,325,6.72,1,0,0
DEV-11755,mobile,Android,885,5.51,1,0,0
DEV-12351,mobile,Android,25,34.67,5,0,0
DEV-11756,mobile,Android,281,34.87,1,0,0
DEV-11757,mobile,Android,207,31.24,1,0,0
DEV-11758,mobile,Android,481,38.97,1,0,0
DEV-11759,mobile,Android,936,55.39,1,0,0
DEV-11760,mobile,Android,637,38.3,1,0,0
DEV-12352,mobile,Android,35,30.54,5,0,0
DEV-11761,mobile,Android,847,49.04,1,0,0
DEV-11762,mobile,Android,540,38.9,1,0,0
DEV-11763,mobile,Android,111,5.32,1,0,0
DEV-11764,mobile,Android,277,39.79,1,0,0
DEV-11765,mobile,Android,409,6.18,1,0,0
DEV-12353,mobile,Android,19,31.76,5,0,0
DEV-11766,mobile,Android,532,0.87,1,0,0
DEV-11767,mobile,Android,400,32.57,1,0,0
DEV-11768,mobile,Android,89,39.44,1,0,0
DEV-11769,mobile,Android,551,10.39,1,0,0
DEV-11770,mobile,Android,521,41.78,1,0,0
DEV-12354,mobile,Android,90,74.34,5,0,0
DEV-11771,mobile,Android,521,24.04,1,0,0
DEV-11772,mobile,Android,611,45.45,1,0,0
DEV-11773,mobile,Android,838,35.57,1,0,0
DEV-11774,mobile,Android,545,5.46,1,0,0
DEV-11775,mobile,Android,133,37.89,1,0,0
DEV-12355,mobile,Android,81,11.46,5,0,0
DEV-11776,mobile,Android,303,16.23,1,0,0
DEV-11777,mobile,Android,80,13.43,1,0,0
DEV-11778,mobile,Android,296,8.46,1,0,0
DEV-11779,mobile,Android,516,8.4,1,0,0
DEV-11780,mobile,Android,156,48.43,1,0,0
DEV-12356,mobile,Android,19,61.54,5,0,0
DEV-11781,mobile,Android,714,33.31,1,0,0
DEV-11782,mobile,Android,307,31.3,1,0,0
DEV-11783,mobile,Android,788,56.88,1,0,0
DEV-11784,mobile,Android,966,16.05,1,0,0
DEV-11785,mobile,Android,318,34.87,1,0,0
DEV-12357,mobile,Android,18,46.02,5,0,0
DEV-11786,mobile,Android,413,31.24,1,0,0
DEV-11787,mobile,Android,254,47.5,1,0,0
DEV-11788,mobile,Android,645,6.07,1,0,0
DEV-11789,mobile,Android,152,27.85,1,0,0
DEV-11790,mobile,Android,439,23.68,1,0,0
DEV-12358,mobile,Android,40,38.02,5,0,0
DEV-11791,mobile,Android,72,51.18,1,0,0
DEV-11792,mobile,Android,457,29.55,1,0,0
DEV-11793,mobile,Android,206,50.95,1,0,0
DEV-11794,mobile,Android,488,52.01,1,0,0
DEV-11795,mobile,Android,406,61.64,1,0,0
DEV-12359,mobile,Android,8,44.6,5,0,0
DEV-11796,mobile,Android,668,34.46,1,0,0
DEV-11797,mobile,Android,580,27.22,1,0,0
DEV-11798,mobile,Android,518,34.79,1,0,0
DEV-11799,mobile,Android,328,53.3,1,0,0
DEV-11800,mobile,Android,964,54.49,1,0,0
DEV-12360,mobile,Android,23,63.49,5,0,0
DEV-11801,mobile,Android,693,12.13,1,0,0
DEV-11802,mobile,Android,949,61.82,1,0,0
DEV-11803,mobile,Android,702,62.35,1,0,0
DEV-11804,mobile,Android,842,27.8,1,0,0
DEV-11805,mobile,Android,798,37.89,1,0,0
DEV-12361,mobile,Android,61,24.07,5,0,0
DEV-11806,mobile,Android,253,1.67,1,0,0
DEV-11807,mobile,Android,243,47.08,1,0,0
DEV-11808,mobile,Android,88,36.43,1,0,0
DEV-11809,mobile,Android,192,62.4,1,0,0
DEV-11810,mobile,Android,421,54.89,1,0,0
DEV-12362,mobile,Android,21,73.81,5,0,0
DEV-11811,mobile,Android,974,29.58,1,0,0
DEV-11812,mobile,Android,963,53.63,1,0,0
DEV-11813,mobile,Android,714,37.1,1,0,0
DEV-11814,mobile,Android,392,49.02,1,0,0
DEV-11815,mobile,Android,198,7.57,1,0,0
DEV-12363,mobile,Android,86,24.46,5,0,0
DEV-11816,mobile,Android,921,0.95,1,0,0
DEV-11817,mobile,Android,795,4.51,1,0,0
DEV-11818,mobile,Android,299,21.68,1,0,0
DEV-11819,mobile,Android,775,38.59,1,0,0
DEV-11820,mobile,Android,448,17.3,1,0,0
DEV-12364,mobile,Android,33,30.32,5,0,0
DEV-11821,mobile,Android,353,51.3,1,0,0
DEV-11822,mobile,Android,546,20.88,1,0,0
DEV-11823,mobile,Android,131,8.37,1,0,0
DEV-11824,mobile,Android,960,5.24,1,0,0
DEV-11825,mobile,Android,703,29.66,1,0,0
DEV-12365,mobile,Android,15,75.67,5,0,0
DEV-11826,mobile,Android,396,55.65,1,0,0
DEV-11827,mobile,Android,979,12.6,1,0,0
DEV-11828,mobile,Android,811,17.95,1,0,0
DEV-11829,mobile,Android,310,10.51,1,0,0
DEV-11830,mobile,Android,125,39.92,1,0,0
DEV-12366,mobile,Android,32,75.85,5,0,0
DEV-11831,mobile,Android,403,2.23,1,0,0
DEV-11832,mobile,Android,21,12.6,1,0,0
DEV-11833,mobile,Android,754,57.38,1,0,0
DEV-11834,mobile,Android,193,50.77,1,0,0
DEV-11835,mobile,Android,731,12.81,1,0,0
DEV-12367,mobile,Android,59,64.58,5,0,0
DEV-11836,mobile,Android,61,53.43,1,0,0
DEV-11837,mobile,Android,931,57.24,1,0,0
DEV-11838,mobile,Android,940,5.33,1,0,0
DEV-11839,mobile,Android,318,47.91,1,0,0
DEV-11840,mobile,Android,295,13.84,1,0,0
DEV-12368,mobile,Android,16,68.03,5,0,0
DEV-11841,mobile,Android,809,7.83,1,0,0
DEV-11842,mobile,Android,758,41.66,1,0,0
DEV-11843,mobile,Android,315,2.78,1,0,0
DEV-11844,mobile,Android,114,32.53,1,0,0
DEV-11845,mobile,Android,177,18.06,1,0,0
DEV-12369,mobile,Android,58,52.48,5,0,0
DEV-11846,mobile,Android,74,16.0,1,0,0
DEV-11847,mobile,Android,284,44.45,1,0,0
DEV-11848,mobile,Android,334,57.3,1,0,0
DEV-11849,mobile,Android,271,47.72,1,0,0
DEV-11850,mobile,Android,109,60.63,1,0,0
DEV-12370,mobile,Android,6,47.6,5,0,0
DEV-11851,mobile,Android,123,31.86,1,0,0
DEV-11852,mobile,Android,811,33.38,1,0,0
DEV-11853,mobile,Android,891,51.93,1,0,0
DEV-11854,mobile,Android,28,9.93,1,0,0
DEV-11855,mobile,Android,842,32.11,1,0,0
DEV-12371,mobile,Android,76,42.15,5,0,0
DEV-11856,mobile,Android,245,16.4,1,0,0
DEV-11857,mobile,Android,552,14.42,1,0,0
DEV-11858,mobile,Android,96,2.06,1,0,0
DEV-11859,mobile,Android,89,48.86,1,0,0
DEV-11860,mobile,Android,78,44.85,1,0,0
DEV-12372,mobile,Android,8,38.67,5,0,0
DEV-11861,mobile,Android,909,12.88,1,0,0
DEV-11862,mobile,Android,93,48.64,1,0,0
DEV-11863,mobile,Android,539,38.72,1,0,0
DEV-11864,mobile,Android,876,12.73,1,0,0
DEV-11865,mobile,Android,391,7.72,1,0,0
DEV-12373,mobile,Android,30,18.01,5,0,0
DEV-11866,mobile,Android,197,6.6,1,0,0
DEV-11867,mobile,Android,348,32.44,1,0,0
DEV-11868,mobile,Android,855,31.21,1,0,0
DEV-11869,mobile,Android,110,40.05,1,0,0
DEV-11870,mobile,Android,586,46.6,1,0,0
DEV-12374,mobile,Android,46,79.96,5,0,0
DEV-11871,mobile,Android,34,31.84,1,0,0
DEV-11872,mobile,Android,163,26.01,1,0,0
DEV-11873,mobile,Android,191,47.69,1,0,0
DEV-11874,mobile,Android,682,60.81,1,0,0
DEV-11875,mobile,Android,652,17.58,1,0,0
DEV-12375,mobile,Android,64,75.14,5,0,0
DEV-11876,mobile,Android,723,35.72,1,0,0
DEV-11877,mobile,Android,578,38.63,1,0,0
DEV-11878,mobile,Android,826,49.44,1,0,0
DEV-11879,mobile,Android,854,51.68,1,0,0
DEV-11880,mobile,Android,482,58.28,1,0,0
DEV-12376,mobile,Android,47,52.14,5,0,0
DEV-11881,mobile,Android,971,12.85,1,0,0
DEV-11882,mobile,Android,628,11.39,1,0,0
DEV-11883,mobile,Android,713,40.64,1,0,0
DEV-11884,mobile,Android,45,59.74,1,0,0
DEV-11885,mobile,Android,331,41.72,1,0,0
DEV-12377,mobile,Android,3,24.86,5,0,0
DEV-11886,mobile,Android,738,59.38,1,0,0
DEV-11887,mobile,Android,39,62.65,1,0,0
DEV-11888,mobile,Android,327,24.74,1,0,0
DEV-11889,mobile,Android,682,30.2,1,0,0
DEV-11890,mobile,Android,590,19.05,1,0,0
DEV-12378,mobile,Android,87,57.37,5,0,0
DEV-11891,mobile,Android,687,63.59,1,0,0
DEV-11892,mobile,Android,911,40.14,1,0,0
DEV-11893,mobile,Android,284,0.53,1,0,0
DEV-11894,mobile,Android,731,50.7,1,0,0
DEV-11895,mobile,Android,889,15.77,1,0,0
DEV-12379,mobile,Android,46,28.27,5,0,0
DEV-11896,mobile,Android,913,12.74,1,0,0
DEV-11897,mobile,Android,41,24.22,1,0,0
DEV-11898,mobile,Android,635,49.97,1,0,0
DEV-11899,mobile,Android,748,42.95,1,0,0
DEV-11900,mobile,Android,914,8.66,1,0,0
DEV-12380,mobile,Android,83,9.53,5,0,0
DEV-11901,mobile,Android,440,54.38,1,0,0
DEV-11902,mobile,Android,536,52.49,1,0,0
DEV-11903,mobile,Android,849,59.03,1,0,0
DEV-11904,mobile,Android,128,43.94,1,0,0
DEV-11905,mobile,Android,271,34.16,1,0,0
DEV-12381,mobile,Android,90,74.27,5,0,0
DEV-11906,mobile,Android,616,40.8,1,0,0
DEV-11907,mobile,Android,252,19.12,1,0,0
DEV-11908,mobile,Android,887,42.24,1,0,0
DEV-11909,mobile,Android,232,35.45,1,0,0
DEV-11910,mobile,Android,288,58.26,1,0,0
DEV-12382,mobile,Android,44,76.66,5,0,0
DEV-11911,mobile,Android,443,51.98,1,0,0
DEV-11912,mobile,Android,681,6.17,1,0,0
DEV-11913,mobile,Android,140,23.06,1,0,0
DEV-11914,mobile,Android,202,53.32,1,0,0
DEV-11915,mobile,Android,733,19.25,1,0,0
DEV-12383,mobile,Android,28,43.21,5,0,0
DEV-11916,mobile,Android,817,45.4,1,0,0
DEV-11917,mobile,Android,625,19.93,1,0,0
DEV-11918,mobile,Android,261,51.69,1,0,0
DEV-11919,mobile,Android,499,7.9,1,0,0
DEV-11920,mobile,Android,623,52.79,1,0,0
DEV-12384,mobile,Android,54,82.91,5,0,0
DEV-11921,mobile,Android,887,12.55,1,0,0
DEV-11922,mobile,Android,824,43.97,1,0,0
DEV-11923,mobile,Android,18,62.48,1,0,0
DEV-11924,mobile,Android,457,58.83,1,0,0
DEV-11925,mobile,Android,943,52.69,1,0,0
DEV-12385,mobile,Android,65,36.31,5,0,0
DEV-11926,mobile,Android,347,45.06,1,0,0
DEV-11927,mobile,Android,535,59.14,1,0,0
DEV-11928,mobile,Android,525,22.34,1,0,0
DEV-11929,mobile,Android,830,59.3,1,0,0
DEV-11930,mobile,Android,764,7.19,1,0,0
DEV-12386,mobile,Android,73,64.88,5,0,0
DEV-11931,mobile,Android,715,4.94,1,0,0
DEV-11932,mobile,Android,708,1.54,1,0,0
DEV-11933,mobile,Android,276,10.18,1,0,0
DEV-11934,mobile,Android,426,36.12,1,0,0
DEV-11935,mobile,Android,602,6.54,1,0,0
DEV-12387,mobile,Android,56,44.45,5,0,0
DEV-11936,mobile,Android,936,35.24,1,0,0
DEV-11937,mobile,Android,598,6.78,1,0,0
DEV-11938,mobile,Android,694,41.01,1,0,0
DEV-11939,mobile,Android,584,60.5,1,0,0
DEV-11940,mobile,Android,359,17.94,1,0,0
DEV-12388,mobile,Android,93,22.48,5,0,0
DEV-11941,mobile,Android,954,24.54,1,0,0
DEV-11942,mobile,Android,776,57.19,1,0,0
DEV-11943,mobile,Android,462,2.11,1,0,0
DEV-11944,mobile,Android,328,25.83,1,0,0
DEV-11945,mobile,Android,622,58.66,1,0,0
DEV-12389,mobile,Android,93,65.08,5,0,0
DEV-11946,mobile,Android,34,29.14,1,0,0
DEV-11947,mobile,Android,36,31.92,1,0,0
DEV-11948,mobile,Android,290,22.43,1,0,0
DEV-11949,mobile,Android,858,57.46,1,0,0
DEV-11950,mobile,Android,591,29.77,1,0,0
DEV-12390,mobile,Android,64,84.24,5,0,0
DEV-11951,mobile,Android,257,57.52,1,0,0
DEV-11952,mobile,Android,644,31.48,1,0,0
DEV-11953,mobile,Android,167,40.79,1,0,0
DEV-11954,mobile,Android,476,46.96,1,0,0
DEV-11955,mobile,Android,841,52.12,1,0,0
DEV-12391,mobile,Android,52,26.13,5,0,0
DEV-11956,mobile,Android,642,52.43,1,0,0
DEV-11957,mobile,Android,76,59.58,1,0,0
DEV-11958,mobile,Android,580,37.29,1,0,0
DEV-11959,mobile,Android,311,17.27,1,0,0
DEV-11960,mobile,Android,221,9.14,1,0,0
DEV-12392,mobile,Android,64,46.97,5,0,0
DEV-11961,mobile,Android,67,58.28,1,0,0
DEV-11962,mobile,Android,548,3.81,1,0,0
DEV-11963,mobile,Android,282,63.25,1,0,0
DEV-11964,mobile,Android,55,17.79,1,0,0
DEV-11965,mobile,Android,412,61.72,1,0,0
DEV-12393,mobile,Android,75,60.03,5,0,0
DEV-11966,mobile,Android,123,37.46,1,0,0
DEV-11967,mobile,Android,530,2.38,1,0,0
DEV-11968,mobile,Android,812,8.77,1,0,0
DEV-11969,mobile,Android,603,0.04,1,0,0
DEV-11970,mobile,Android,44,62.45,1,0,0
DEV-12394,mobile,Android,18,50.36,5,0,0
DEV-11971,mobile,Android,769,2.24,1,0,0
DEV-11972,mobile,Android,24,46.38,1,0,0
DEV-11973,mobile,Android,849,61.71,1,0,0
DEV-11974,mobile,Android,368,55.55,1,0,0
DEV-11975,mobile,Android,852,31.86,1,0,0
DEV-12395,mobile,Android,72,15.59,5,0,0
DEV-11976,mobile,Android,183,56.67,1,0,0
DEV-11977,mobile,Android,731,17.43,1,0,0
DEV-11978,mobile,Android,23,51.81,1,0,0
DEV-11979,mobile,Android,719,12.2,1,0,0
DEV-11980,mobile,Android,756,17.09,1,0,0
DEV-12396,mobile,Android,58,23.17,5,0,0
DEV-11981,mobile,Android,659,23.35,1,0,0
DEV-11982,mobile,Android,129,30.4,1,0,0
DEV-11983,mobile,Android,911,22.78,1,0,0
DEV-11984,mobile,Android,227,44.1,1,0,0
DEV-11985,mobile,Android,176,47.11,1,0,0
DEV-12397,mobile,Android,40,32.5,5,0,0
DEV-11986,mobile,Android,119,57.96,1,0,0
DEV-11987,mobile,Android,666,30.96,1,0,0
DEV-11988,mobile,Android,862,1.38,1,0,0
DEV-11989,mobile,Android,329,61.65,1,0,0
DEV-11990,mobile,Android,620,55.76,1,0,0
DEV-12398,mobile,Android,25,58.59,5,0,0
DEV-11991,mobile,Android,117,62.92,1,0,0
DEV-11992,mobile,Android,420,45.15,1,0,0
DEV-11993,mobile,Android,947,0.33,1,0,0
DEV-11994,mobile,Android,446,28.12,1,0,0
DEV-11995,mobile,Android,870,43.19,1,0,0
DEV-12399,mobile,Android,47,27.3,5,0,0
DEV-11996,mobile,Android,350,48.04,1,0,0
DEV-11997,mobile,Android,464,12.16,1,0,0
DEV-11998,mobile,Android,931,34.74,1,0,0
DEV-11999,mobile,Android,713,52.04,1,0,0
