profile_id,customer_id,normal_mean_tx_amount,normal_std_tx_amount,primary_device_id,normal_daily_frequency,normal_active_hours_start,normal_active_hours_end
BP-0,SYN-10000,5800.0,2900.0,DEV-10000,0.3333333333333333,7,23
BP-1,SYN-10001,1600.0,800.0,DEV-10001,0.3333333333333333,7,23
BP-2,SYN-10002,3100.0,1550.0,DEV-10002,0.3333333333333333,7,23
BP-3,SYN-10003,3300.0,1650.0,DEV-10003,0.3333333333333333,7,23
BP-4,SYN-10004,3100.0,1550.0,DEV-10004,0.3333333333333333,7,23
BP-5,SYN-10005,1400.0,700.0,DEV-10005,0.3333333333333333,7,23
BP-6,SYN-10006,1300.0,650.0,DEV-10006,0.3333333333333333,7,23
BP-7,SYN-10007,4900.0,2450.0,DEV-10007,0.3333333333333333,7,23
BP-8,SYN-10008,6000.0,3000.0,DEV-10008,0.3333333333333333,7,23
BP-9,SYN-10009,4600.0,2300.0,DEV-10009,0.3333333333333333,7,23
BP-10,SYN-10010,3100.0,1550.0,DEV-10010,0.3333333333333333,7,23
BP-11,SYN-10011,5200.0,2600.0,DEV-10011,0.3333333333333333,7,23
BP-12,SYN-10012,3100.0,1550.0,DEV-10012,0.3333333333333333,7,23
BP-13,SYN-10013,1700.0,850.0,DEV-10013,0.3333333333333333,7,23
BP-14,SYN-10014,4000.0,2000.0,DEV-10014,0.3333333333333333,7,23
BP-15,SYN-10015,5400.0,2700.0,DEV-10015,0.3333333333333333,7,23
BP-16,SYN-10016,1300.0,650.0,DEV-10016,0.3333333333333333,7,23
BP-17,SYN-10017,4100.0,2050.0,DEV-10017,0.3333333333333333,7,23
BP-18,SYN-10018,5100.0,2550.0,DEV-10018,0.3333333333333333,7,23
BP-19,SYN-10019,1900.0,950.0,DEV-10019,0.3333333333333333,7,23
BP-20,SYN-10020,2000.0,1000.0,DEV-10020,0.3333333333333333,7,23
BP-21,SYN-10021,1900.0,950.0,DEV-10021,0.3333333333333333,7,23
BP-22,SYN-10022,1100.0,550.0,DEV-10022,0.3333333333333333,7,23
BP-23,SYN-10023,1400.0,700.0,DEV-10023,0.3333333333333333,7,23
BP-24,SYN-10024,4900.0,2450.0,DEV-10024,0.3333333333333333,7,23
BP-25,SYN-10025,4600.0,2300.0,DEV-10025,0.3333333333333333,7,23
BP-26,SYN-10026,2500.0,1250.0,DEV-10026,0.3333333333333333,7,23
BP-27,SYN-10027,1000.0,500.0,DEV-10027,0.3333333333333333,7,23
BP-28,SYN-10028,2600.0,1300.0,DEV-10028,0.3333333333333333,7,23
BP-29,SYN-10029,1000.0,500.0,DEV-10029,0.3333333333333333,7,23
BP-30,SYN-10030,5200.0,2600.0,DEV-10030,0.3333333333333333,7,23
BP-31,SYN-10031,4300.0,2150.0,DEV-10031,0.3333333333333333,7,23
BP-32,SYN-10032,3000.0,1500.0,DEV-10032,0.3333333333333333,7,23
BP-33,SYN-10033,1000.0,500.0,DEV-10033,0.3333333333333333,7,23
BP-34,SYN-10034,4300.0,2150.0,DEV-10034,0.3333333333333333,7,23
BP-35,SYN-10035,2600.0,1300.0,DEV-10035,0.3333333333333333,7,23
BP-36,SYN-10036,5000.0,2500.0,DEV-10036,0.3333333333333333,7,23
BP-37,SYN-10037,5900.0,2950.0,DEV-10037,0.3333333333333333,7,23
BP-38,SYN-10038,3800.0,1900.0,DEV-10038,0.3333333333333333,7,23
BP-39,SYN-10039,4900.0,2450.0,DEV-10039,0.3333333333333333,7,23
BP-40,SYN-10040,2500.0,1250.0,DEV-10040,0.3333333333333333,7,23
BP-41,SYN-10041,3500.0,1750.0,DEV-10041,0.3333333333333333,7,23
BP-42,SYN-10042,1400.0,700.0,DEV-10042,0.3333333333333333,7,23
BP-43,SYN-10043,2100.0,1050.0,DEV-10043,0.3333333333333333,7,23
BP-44,SYN-10044,4400.0,2200.0,DEV-10044,0.3333333333333333,7,23
BP-45,SYN-10045,4800.0,2400.0,DEV-10045,0.3333333333333333,7,23
BP-46,SYN-10046,5300.0,2650.0,DEV-10046,0.3333333333333333,7,23
BP-47,SYN-10047,3400.0,1700.0,DEV-10047,0.3333333333333333,7,23
BP-48,SYN-10048,3700.0,1850.0,DEV-10048,0.3333333333333333,7,23
BP-49,SYN-10049,1800.0,900.0,DEV-10049,0.3333333333333333,7,23
BP-50,SYN-10050,5300.0,2650.0,DEV-10050,0.3333333333333333,7,23
BP-51,SYN-10051,1700.0,850.0,DEV-10051,0.3333333333333333,7,23
BP-52,SYN-10052,4200.0,2100.0,DEV-10052,0.3333333333333333,7,23
BP-53,SYN-10053,3100.0,1550.0,DEV-10053,0.3333333333333333,7,23
BP-54,SYN-10054,1600.0,800.0,DEV-10054,0.3333333333333333,7,23
BP-55,SYN-10055,5000.0,2500.0,DEV-10055,0.3333333333333333,7,23
BP-56,SYN-10056,1400.0,700.0,DEV-10056,0.3333333333333333,7,23
BP-57,SYN-10057,1000.0,500.0,DEV-10057,0.3333333333333333,7,23
BP-58,SYN-10058,1800.0,900.0,DEV-10058,0.3333333333333333,7,23
BP-59,SYN-10059,2100.0,1050.0,DEV-10059,0.3333333333333333,7,23
BP-60,SYN-10060,3800.0,1900.0,DEV-10060,0.3333333333333333,7,23
BP-61,SYN-10061,4900.0,2450.0,DEV-10061,0.3333333333333333,7,23
BP-62,SYN-10062,3200.0,1600.0,DEV-10062,0.3333333333333333,7,23
BP-63,SYN-10063,2800.0,1400.0,DEV-10063,0.3333333333333333,7,23
BP-64,SYN-10064,5900.0,2950.0,DEV-10064,0.3333333333333333,7,23
BP-65,SYN-10065,5000.0,2500.0,DEV-10065,0.3333333333333333,7,23
BP-66,SYN-10066,1800.0,900.0,DEV-10066,0.3333333333333333,7,23
BP-67,SYN-10067,3000.0,1500.0,DEV-10067,0.3333333333333333,7,23
BP-68,SYN-10068,4200.0,2100.0,DEV-10068,0.3333333333333333,7,23
BP-69,SYN-10069,1800.0,900.0,DEV-10069,0.3333333333333333,7,23
BP-70,SYN-10070,1000.0,500.0,DEV-10070,0.3333333333333333,7,23
BP-71,SYN-10071,1700.0,850.0,DEV-10071,0.3333333333333333,7,23
BP-72,SYN-10072,4500.0,2250.0,DEV-10072,0.3333333333333333,7,23
BP-73,SYN-10073,5900.0,2950.0,DEV-10073,0.3333333333333333,7,23
BP-74,SYN-10074,4100.0,2050.0,DEV-10074,0.3333333333333333,7,23
BP-75,SYN-10075,3100.0,1550.0,DEV-10075,0.3333333333333333,7,23
BP-76,SYN-10076,3700.0,1850.0,DEV-10076,0.3333333333333333,7,23
BP-77,SYN-10077,2200.0,1100.0,DEV-10077,0.3333333333333333,7,23
BP-78,SYN-10078,4800.0,2400.0,DEV-10078,0.3333333333333333,7,23
BP-79,SYN-10079,4800.0,2400.0,DEV-10079,0.3333333333333333,7,23
BP-80,SYN-10080,1900.0,950.0,DEV-10080,0.3333333333333333,7,23
BP-81,SYN-10081,1400.0,700.0,DEV-10081,0.3333333333333333,7,23
BP-82,SYN-10082,1700.0,850.0,DEV-10082,0.3333333333333333,7,23
BP-83,SYN-10083,1300.0,650.0,DEV-10083,0.3333333333333333,7,23
BP-84,SYN-10084,3300.0,1650.0,DEV-10084,0.3333333333333333,7,23
BP-85,SYN-10085,4200.0,2100.0,DEV-10085,0.3333333333333333,7,23
BP-86,SYN-10086,1100.0,550.0,DEV-10086,0.3333333333333333,7,23
BP-87,SYN-10087,5000.0,2500.0,DEV-10087,0.3333333333333333,7,23
BP-88,SYN-10088,2700.0,1350.0,DEV-10088,0.3333333333333333,7,23
BP-89,SYN-10089,3500.0,1750.0,DEV-10089,0.3333333333333333,7,23
BP-90,SYN-10090,4400.0,2200.0,DEV-10090,0.3333333333333333,7,23
BP-91,SYN-10091,2700.0,1350.0,DEV-10091,0.3333333333333333,7,23
BP-92,SYN-10092,4800.0,2400.0,DEV-10092,0.3333333333333333,7,23
BP-93,SYN-10093,1900.0,950.0,DEV-10093,0.3333333333333333,7,23
BP-94,SYN-10094,1600.0,800.0,DEV-10094,0.3333333333333333,7,23
BP-95,SYN-10095,4600.0,2300.0,DEV-10095,0.3333333333333333,7,23
BP-96,SYN-10096,5300.0,2650.0,DEV-10096,0.3333333333333333,7,23
BP-97,SYN-10097,1100.0,550.0,DEV-10097,0.3333333333333333,7,23
BP-98,SYN-10098,4800.0,2400.0,DEV-10098,0.3333333333333333,7,23
BP-99,SYN-10099,3000.0,1500.0,DEV-10099,0.3333333333333333,7,23
BP-100,SYN-10100,5000.0,2500.0,DEV-10100,0.3333333333333333,7,23
BP-101,SYN-10101,5900.0,2950.0,DEV-10101,0.3333333333333333,7,23
BP-102,SYN-10102,2900.0,1450.0,DEV-10102,0.3333333333333333,7,23
BP-103,SYN-10103,3200.0,1600.0,DEV-10103,0.3333333333333333,7,23
BP-104,SYN-10104,4800.0,2400.0,DEV-10104,0.3333333333333333,7,23
BP-105,SYN-10105,1800.0,900.0,DEV-10105,0.3333333333333333,7,23
BP-106,SYN-10106,4900.0,2450.0,DEV-10106,0.3333333333333333,7,23
BP-107,SYN-10107,4900.0,2450.0,DEV-10107,0.3333333333333333,7,23
BP-108,SYN-10108,5400.0,2700.0,DEV-10108,0.3333333333333333,7,23
BP-109,SYN-10109,2800.0,1400.0,DEV-10109,0.3333333333333333,7,23
BP-110,SYN-10110,2500.0,1250.0,DEV-10110,0.3333333333333333,7,23
BP-111,SYN-10111,4800.0,2400.0,DEV-10111,0.3333333333333333,7,23
BP-112,SYN-10112,5300.0,2650.0,DEV-10112,0.3333333333333333,7,23
BP-113,SYN-10113,4200.0,2100.0,DEV-10113,0.3333333333333333,7,23
BP-114,SYN-10114,2300.0,1150.0,DEV-10114,0.3333333333333333,7,23
BP-115,SYN-10115,1400.0,700.0,DEV-10115,0.3333333333333333,7,23
BP-116,SYN-10116,4400.0,2200.0,DEV-10116,0.3333333333333333,7,23
BP-117,SYN-10117,2100.0,1050.0,DEV-10117,0.3333333333333333,7,23
BP-118,SYN-10118,4100.0,2050.0,DEV-10118,0.3333333333333333,7,23
BP-119,SYN-10119,1600.0,800.0,DEV-10119,0.3333333333333333,7,23
BP-120,SYN-10120,4400.0,2200.0,DEV-10120,0.3333333333333333,7,23
BP-121,SYN-10121,2000.0,1000.0,DEV-10121,0.3333333333333333,7,23
BP-122,SYN-10122,3400.0,1700.0,DEV-10122,0.3333333333333333,7,23
BP-123,SYN-10123,5100.0,2550.0,DEV-10123,0.3333333333333333,7,23
BP-124,SYN-10124,3400.0,1700.0,DEV-10124,0.3333333333333333,7,23
BP-125,SYN-10125,5100.0,2550.0,DEV-10125,0.3333333333333333,7,23
BP-126,SYN-10126,3300.0,1650.0,DEV-10126,0.3333333333333333,7,23
BP-127,SYN-10127,4100.0,2050.0,DEV-10127,0.3333333333333333,7,23
