customer_id,name,occupation,city,monthly_income,monthly_expense,opening_cash,opening_cash_paise,opening_credit,credit_limit,usual_transfer_amount,preferred_channel,financial_trajectory,salary_day_of_month
SYN-10000,Synthetic customer 1,Salaried,Delhi,104000.0,61379.88,435010.22,43501022,1500.0,119448.48,5800.0,UPI,buffered_scam,1
SYN-10001,Synthetic customer 2,Salaried,Mumbai,66000.0,41620.99,32244.4,3224440,2500.0,59655.07,1600.0,UPI,recovered_scam,1
SYN-10002,Synthetic customer 3,Salaried,Bengaluru,72000.0,28233.16,35719.62,3571962,2500.0,69291.93,3100.0,UPI,familiar_device_scam,28
SYN-10003,Synthetic customer 4,Salaried,Jaipur,96000.0,37326.11,189848.77,18984877,2500.0,82545.87,3300.0,UPI,small_scam,1
SYN-10004,Synthetic customer 5,Salaried,Delhi,119000.0,44399.19,213599.91,21359991,3500.0,150380.54,3100.0,UPI,legitimate_large,1
SYN-10005,Synthetic customer 6,Salaried,Mumbai,44000.0,21292.74,12989.96,1298996,4500.0,22016.28,1400.0,UPI,new_device_legitimate,1
SYN-10006,Synthetic customer 7,Salaried,Bengaluru,66000.0,24426.02,53281.34,5328134,0.0,66258.92,1300.0,UPI,prior_distress_unrelated_scam,1
SYN-10007,Synthetic customer 8,Salaried,Jaipur,34000.0,16930.48,15101.42,1510142,2500.0,32112.21,4900.0,UPI,income_gap,1
SYN-10008,Synthetic customer 9,Salaried,Delhi,93000.0,39187.73,68218.38,6821838,500.0,93135.95,6000.0,UPI,conflicting,5
SYN-10009,Synthetic customer 10,Salaried,Mumbai,87000.0,53391.64,108938.21,10893821,0.0,49725.86,4600.0,UPI,same_sender,5
SYN-10010,Synthetic customer 11,Salaried,Bengaluru,59000.0,25422.44,25860.22,2586022,0.0,42660.45,3100.0,UPI,pooled_payments,1
SYN-10011,Synthetic customer 12,Salaried,Jaipur,80000.0,51737.4,92939.12,9293912,1000.0,77051.75,5200.0,UPI,multiple_episodes,1
SYN-10012,Synthetic customer 13,Salaried,Delhi,120000.0,60856.59,400251.48,40025148,3500.0,87420.42,3100.0,UPI,buffered_scam,1
SYN-10013,Synthetic customer 14,Salaried,Mumbai,114000.0,63760.09,66789.97,6678997,4000.0,130559.72,1700.0,UPI,recovered_scam,1
SYN-10014,Synthetic customer 15,Salaried,Bengaluru,59000.0,23380.44,110110.76,11011076,5000.0,47160.89,4000.0,UPI,familiar_device_scam,1
SYN-10015,Synthetic customer 16,Salaried,Jaipur,123000.0,50849.78,117775.51,11777551,1500.0,49844.7,5400.0,UPI,small_scam,5
SYN-10016,Synthetic customer 17,Salaried,Delhi,92000.0,34156.8,154313.3,15431330,2500.0,51422.57,1300.0,UPI,legitimate_large,1
SYN-10017,Synthetic customer 18,Salaried,Mumbai,49000.0,24639.49,72462.61,7246261,1000.0,45473.73,4100.0,UPI,new_device_legitimate,5
SYN-10018,Synthetic customer 19,Salaried,Bengaluru,119000.0,70026.22,178013.81,17801381,2500.0,136251.68,5100.0,UPI,prior_distress_unrelated_scam,1
SYN-10019,Synthetic customer 20,Salaried,Jaipur,57000.0,25160.76,95761.94,9576194,3000.0,56827.89,1900.0,UPI,income_gap,1
SYN-10020,Synthetic customer 21,Salaried,Delhi,35000.0,21448.72,35023.68,3502368,1000.0,43494.26,2000.0,UPI,conflicting,1
SYN-10021,Synthetic customer 22,Salaried,Mumbai,58000.0,34917.55,73766.93,7376693,5000.0,68348.15,1900.0,UPI,same_sender,1
SYN-10022,Synthetic customer 23,Salaried,Bengaluru,111000.0,62863.42,176745.51,17674551,1500.0,53706.84,1100.0,UPI,pooled_payments,1
SYN-10023,Synthetic customer 24,Salaried,Jaipur,111000.0,45638.39,173896.78,17389678,500.0,118241.21,1400.0,UPI,multiple_episodes,1
SYN-10024,Synthetic customer 25,Salaried,Delhi,38000.0,16551.04,158287.13,15828713,4500.0,45317.34,4900.0,UPI,buffered_scam,28
SYN-10025,Synthetic customer 26,Salaried,Mumbai,94000.0,48059.09,155331.95,15533195,5000.0,46237.49,4600.0,UPI,recovered_scam,1
SYN-10026,Synthetic customer 27,Salaried,Bengaluru,96000.0,40982.46,124711.0,12471100,500.0,47486.24,2500.0,UPI,familiar_device_scam,28
SYN-10027,Synthetic customer 28,Salaried,Jaipur,94000.0,58253.18,176744.77,17674477,2000.0,114974.4,1000.0,UPI,small_scam,28
SYN-10028,Synthetic customer 29,Salaried,Delhi,36000.0,22495.04,7765.27,776527,4000.0,33054.12,2600.0,UPI,legitimate_large,5
SYN-10029,Synthetic customer 30,Salaried,Mumbai,83000.0,46725.63,142932.74,14293274,1500.0,62024.53,1000.0,UPI,new_device_legitimate,1
SYN-10030,Synthetic customer 31,Salaried,Bengaluru,51000.0,20584.11,26438.98,2643898,1000.0,46371.3,5200.0,UPI,prior_distress_unrelated_scam,1
SYN-10031,Synthetic customer 32,Salaried,Jaipur,106000.0,63067.48,181842.11,18184211,3000.0,78379.73,4300.0,UPI,income_gap,5
SYN-10032,Synthetic customer 33,Salaried,Delhi,127000.0,44546.41,110888.64,11088864,3500.0,59191.84,3000.0,UPI,conflicting,1
SYN-10033,Synthetic customer 34,Salaried,Mumbai,73000.0,34884.05,100270.76,10027076,3500.0,68216.74,1000.0,UPI,same_sender,1
SYN-10034,Synthetic customer 35,Salaried,Bengaluru,65000.0,29945.97,35527.32,3552732,1000.0,50492.54,4300.0,UPI,pooled_payments,5
SYN-10035,Synthetic customer 36,Salaried,Jaipur,79000.0,40524.43,46835.63,4683563,500.0,90877.07,2600.0,UPI,multiple_episodes,1
SYN-10036,Synthetic customer 37,Salaried,Delhi,68000.0,29612.16,298987.96,29898796,0.0,46800.31,5000.0,UPI,buffered_scam,5
SYN-10037,Synthetic customer 38,Salaried,Mumbai,98000.0,41029.14,51908.51,5190851,3000.0,41645.08,5900.0,UPI,recovered_scam,1
SYN-10038,Synthetic customer 39,Salaried,Bengaluru,100000.0,55694.87,118119.09,11811909,2500.0,71885.92,3800.0,UPI,familiar_device_scam,28
SYN-10039,Synthetic customer 40,Salaried,Jaipur,103000.0,38331.07,155605.12,15560512,1500.0,47766.64,4900.0,UPI,small_scam,28
SYN-10040,Synthetic customer 41,Salaried,Delhi,95000.0,51425.47,163610.32,16361032,500.0,46810.66,2500.0,UPI,legitimate_large,1
SYN-10041,Synthetic customer 42,Salaried,Mumbai,75000.0,26840.45,116825.32,11682532,0.0,76707.47,3500.0,UPI,new_device_legitimate,1
SYN-10042,Synthetic customer 43,Salaried,Bengaluru,78000.0,38249.91,131501.7,13150170,500.0,49352.74,1400.0,UPI,prior_distress_unrelated_scam,5
SYN-10043,Synthetic customer 44,Salaried,Jaipur,54000.0,25490.21,30089.92,3008992,4500.0,31753.98,2100.0,UPI,income_gap,5
SYN-10044,Synthetic customer 45,Salaried,Delhi,88000.0,41867.23,85818.17,8581817,5000.0,42402.87,4400.0,UPI,conflicting,28
SYN-10045,Synthetic customer 46,Salaried,Mumbai,89000.0,45815.51,166388.07,16638807,5000.0,83658.17,4800.0,UPI,same_sender,5
SYN-10046,Synthetic customer 47,Salaried,Bengaluru,72000.0,27133.68,125778.97,12577897,2000.0,81431.03,5300.0,UPI,pooled_payments,28
SYN-10047,Synthetic customer 48,Salaried,Jaipur,95000.0,49192.18,151070.64,15107064,1000.0,46355.82,3400.0,UPI,multiple_episodes,5
SYN-10048,Synthetic customer 49,Salaried,Delhi,64000.0,29409.02,316023.39,31602339,4500.0,61786.89,3700.0,UPI,buffered_scam,1
SYN-10049,Synthetic customer 50,Salaried,Mumbai,30000.0,16483.58,55443.96,5544396,4000.0,13656.38,1800.0,UPI,recovered_scam,5
SYN-10050,Synthetic customer 51,Salaried,Bengaluru,45000.0,28278.9,10320.09,1032009,1500.0,39939.4,5300.0,UPI,familiar_device_scam,28
SYN-10051,Synthetic customer 52,Salaried,Jaipur,28000.0,17749.99,8961.02,896102,500.0,16708.63,1700.0,UPI,small_scam,1
SYN-10052,Synthetic customer 53,Salaried,Delhi,125000.0,66241.46,229548.36,22954836,500.0,84820.68,4200.0,UPI,legitimate_large,1
SYN-10053,Synthetic customer 54,Salaried,Mumbai,53000.0,25251.39,79947.72,7994772,3000.0,26762.88,3100.0,UPI,new_device_legitimate,1
SYN-10054,Synthetic customer 55,Salaried,Bengaluru,78000.0,31842.91,79568.2,7956820,3000.0,32321.49,1600.0,UPI,prior_distress_unrelated_scam,1
SYN-10055,Synthetic customer 56,Salaried,Jaipur,62000.0,37456.0,43551.56,4355156,2500.0,56018.8,5000.0,UPI,income_gap,1
SYN-10056,Synthetic customer 57,Salaried,Delhi,82000.0,30668.77,161862.22,16186222,4500.0,47577.79,1400.0,UPI,conflicting,1
SYN-10057,Synthetic customer 58,Salaried,Mumbai,34000.0,16515.6,14880.05,1488005,1500.0,31329.93,1000.0,UPI,same_sender,5
SYN-10058,Synthetic customer 59,Salaried,Bengaluru,70000.0,30985.96,52128.57,5212857,1500.0,62072.55,1800.0,UPI,pooled_payments,1
SYN-10059,Synthetic customer 60,Salaried,Jaipur,75000.0,28931.9,99293.88,9929388,2000.0,43218.26,2100.0,UPI,multiple_episodes,1
SYN-10060,Synthetic customer 61,Salaried,Delhi,40000.0,23831.88,184919.02,18491902,1500.0,40574.66,3800.0,UPI,buffered_scam,1
SYN-10061,Synthetic customer 62,Salaried,Mumbai,72000.0,38091.15,104448.96,10444896,3000.0,34382.53,4900.0,UPI,recovered_scam,1
SYN-10062,Synthetic customer 63,Salaried,Bengaluru,104000.0,41720.25,93629.97,9362997,1500.0,75129.44,3200.0,UPI,familiar_device_scam,1
SYN-10063,Synthetic customer 64,Salaried,Jaipur,62000.0,29608.62,67169.1,6716910,1000.0,55922.1,2800.0,UPI,small_scam,5
SYN-10064,Synthetic customer 65,Salaried,Delhi,39000.0,17303.48,36961.67,3696167,3500.0,41307.89,5900.0,UPI,legitimate_large,5
SYN-10065,Synthetic customer 66,Salaried,Mumbai,47000.0,24603.66,90283.38,9028338,0.0,22530.53,5000.0,UPI,new_device_legitimate,5
SYN-10066,Synthetic customer 67,Salaried,Bengaluru,108000.0,38791.14,55136.24,5513624,4500.0,50641.66,1800.0,UPI,prior_distress_unrelated_scam,5
SYN-10067,Synthetic customer 68,Salaried,Jaipur,93000.0,40372.29,78015.52,7801552,1000.0,113511.73,3000.0,UPI,income_gap,1
SYN-10068,Synthetic customer 69,Salaried,Delhi,48000.0,28277.45,43881.08,4388108,2500.0,57309.09,4200.0,UPI,conflicting,1
SYN-10069,Synthetic customer 70,Salaried,Mumbai,38000.0,22895.37,71313.27,7131327,2000.0,22708.44,1800.0,UPI,same_sender,1
SYN-10070,Synthetic customer 71,Salaried,Bengaluru,68000.0,24024.29,108527.45,10852745,0.0,45655.17,1000.0,UPI,pooled_payments,1
SYN-10071,Synthetic customer 72,Salaried,Jaipur,67000.0,43398.7,47114.18,4711418,3500.0,70274.08,1700.0,UPI,multiple_episodes,28
SYN-10072,Synthetic customer 73,Salaried,Delhi,50000.0,25691.58,181796.49,18179649,4500.0,48647.71,4500.0,UPI,buffered_scam,1
SYN-10073,Synthetic customer 74,Salaried,Mumbai,78000.0,35513.72,112034.16,11203416,500.0,91063.61,5900.0,UPI,recovered_scam,28
SYN-10074,Synthetic customer 75,Salaried,Bengaluru,96000.0,60744.72,184689.41,18468941,1000.0,94370.39,4100.0,UPI,familiar_device_scam,1
SYN-10075,Synthetic customer 76,Salaried,Jaipur,37000.0,14205.17,36004.8,3600480,500.0,47314.59,3100.0,UPI,small_scam,1
SYN-10076,Synthetic customer 77,Salaried,Delhi,39000.0,15665.84,33094.56,3309456,5000.0,44464.31,3700.0,UPI,legitimate_large,1
SYN-10077,Synthetic customer 78,Salaried,Mumbai,94000.0,48324.96,50885.58,5088558,1500.0,38326.86,2200.0,UPI,new_device_legitimate,28
SYN-10078,Synthetic customer 79,Salaried,Bengaluru,114000.0,66707.74,32631.6,3263160,2000.0,122044.84,4800.0,UPI,prior_distress_unrelated_scam,28
SYN-10079,Synthetic customer 80,Salaried,Jaipur,128000.0,80639.89,120708.94,12070894,2500.0,73140.08,4800.0,UPI,income_gap,1
SYN-10080,Synthetic customer 81,Salaried,Delhi,85000.0,43547.4,124737.9,12473790,3500.0,76538.61,1900.0,UPI,conflicting,1
SYN-10081,Synthetic customer 82,Salaried,Mumbai,110000.0,61237.98,23574.73,2357473,500.0,133671.0,1400.0,UPI,same_sender,1
SYN-10082,Synthetic customer 83,Salaried,Bengaluru,108000.0,45269.29,153765.15,15376515,4000.0,126223.69,1700.0,UPI,pooled_payments,5
SYN-10083,Synthetic customer 84,Salaried,Jaipur,101000.0,42063.96,136019.98,13601998,1000.0,62609.33,1300.0,UPI,multiple_episodes,1
SYN-10084,Synthetic customer 85,Salaried,Delhi,47000.0,24466.11,211745.34,21174534,0.0,32184.31,3300.0,UPI,buffered_scam,1
SYN-10085,Synthetic customer 86,Salaried,Mumbai,96000.0,51221.22,84986.31,8498631,500.0,56463.97,4200.0,UPI,recovered_scam,1
SYN-10086,Synthetic customer 87,Salaried,Bengaluru,123000.0,52071.27,227349.2,22734920,2000.0,60994.51,1100.0,UPI,familiar_device_scam,1
SYN-10087,Synthetic customer 88,Salaried,Jaipur,28000.0,13122.62,27847.52,2784752,5000.0,23934.12,5000.0,UPI,small_scam,1
SYN-10088,Synthetic customer 89,Salaried,Delhi,88000.0,38034.21,105080.23,10508023,2500.0,76174.44,2700.0,UPI,legitimate_large,1
SYN-10089,Synthetic customer 90,Salaried,Mumbai,125000.0,56991.9,88786.63,8878663,3500.0,121905.26,3500.0,UPI,new_device_legitimate,1
SYN-10090,Synthetic customer 91,Salaried,Bengaluru,87000.0,32198.38,161473.22,16147322,4500.0,36827.82,4400.0,UPI,prior_distress_unrelated_scam,1
SYN-10091,Synthetic customer 92,Salaried,Jaipur,48000.0,26176.01,17694.82,1769482,500.0,36300.38,2700.0,UPI,income_gap,28
SYN-10092,Synthetic customer 93,Salaried,Delhi,86000.0,35994.44,148180.12,14818012,0.0,103863.14,4800.0,UPI,conflicting,1
SYN-10093,Synthetic customer 94,Salaried,Mumbai,56000.0,22320.44,102724.41,10272441,4500.0,62179.01,1900.0,UPI,same_sender,5
SYN-10094,Synthetic customer 95,Salaried,Bengaluru,110000.0,53293.92,30392.69,3039269,2000.0,48899.96,1600.0,UPI,pooled_payments,1
SYN-10095,Synthetic customer 96,Salaried,Jaipur,105000.0,38479.35,123603.69,12360369,5000.0,129564.28,4600.0,UPI,multiple_episodes,28
SYN-10096,Synthetic customer 97,Salaried,Delhi,25000.0,9130.83,100243.52,10024352,3500.0,22878.75,5300.0,UPI,buffered_scam,5
SYN-10097,Synthetic customer 98,Salaried,Mumbai,36000.0,23101.89,62367.15,6236715,2500.0,41676.61,1100.0,UPI,recovered_scam,1
SYN-10098,Synthetic customer 99,Salaried,Bengaluru,102000.0,66101.68,165670.04,16567004,2000.0,82019.04,4800.0,UPI,familiar_device_scam,1
SYN-10099,Synthetic customer 100,Salaried,Jaipur,30000.0,11592.17,32692.92,3269292,2500.0,27205.22,3000.0,UPI,small_scam,5
SYN-10100,Synthetic customer 101,Salaried,Delhi,128000.0,82323.07,33090.05,3309005,2500.0,126918.65,5000.0,UPI,legitimate_large,5
SYN-10101,Synthetic customer 102,Salaried,Mumbai,47000.0,20798.51,36795.19,3679519,3500.0,48905.42,5900.0,UPI,new_device_legitimate,1
SYN-10102,Synthetic customer 103,Salaried,Bengaluru,34000.0,13200.23,61025.83,6102583,500.0,29134.82,2900.0,UPI,prior_distress_unrelated_scam,28
SYN-10103,Synthetic customer 104,Salaried,Jaipur,109000.0,59787.81,143837.08,14383708,500.0,96795.88,3200.0,UPI,income_gap,28
SYN-10104,Synthetic customer 105,Salaried,Delhi,107000.0,61937.41,119545.48,11954548,4500.0,108836.23,4800.0,UPI,conflicting,28
SYN-10105,Synthetic customer 106,Salaried,Mumbai,69000.0,39336.8,54953.38,5495338,5000.0,30593.51,1800.0,UPI,same_sender,1
SYN-10106,Synthetic customer 107,Salaried,Bengaluru,43000.0,17191.32,70364.26,7036426,2500.0,37223.28,4900.0,UPI,pooled_payments,5
SYN-10107,Synthetic customer 108,Salaried,Jaipur,60000.0,21767.41,111388.35,11138835,2000.0,26957.49,4900.0,UPI,multiple_episodes,1
SYN-10108,Synthetic customer 109,Salaried,Delhi,47000.0,20905.5,212115.71,21211571,1000.0,20763.27,5400.0,UPI,buffered_scam,5
SYN-10109,Synthetic customer 110,Salaried,Mumbai,122000.0,73715.78,206426.08,20642608,1500.0,68789.6,2800.0,UPI,recovered_scam,1
SYN-10110,Synthetic customer 111,Salaried,Bengaluru,117000.0,75065.15,36001.01,3600101,2500.0,114073.55,2500.0,UPI,familiar_device_scam,1
SYN-10111,Synthetic customer 112,Salaried,Jaipur,65000.0,26778.41,123719.4,12371940,3500.0,53362.74,4800.0,UPI,small_scam,28
SYN-10112,Synthetic customer 113,Salaried,Delhi,118000.0,49182.55,140613.01,14061301,500.0,80272.1,5300.0,UPI,legitimate_large,1
SYN-10113,Synthetic customer 114,Salaried,Mumbai,108000.0,60990.19,120683.87,12068387,4500.0,72245.48,4200.0,UPI,new_device_legitimate,1
SYN-10114,Synthetic customer 115,Salaried,Bengaluru,55000.0,27302.02,107136.44,10713644,2500.0,70457.82,2300.0,UPI,prior_distress_unrelated_scam,5
SYN-10115,Synthetic customer 116,Salaried,Jaipur,123000.0,58389.72,233014.73,23301473,3000.0,88208.13,1400.0,UPI,income_gap,1
SYN-10116,Synthetic customer 117,Salaried,Delhi,93000.0,57356.49,46999.3,4699930,1000.0,119970.18,4400.0,UPI,conflicting,5
SYN-10117,Synthetic customer 118,Salaried,Mumbai,87000.0,47311.18,49712.21,4971221,3000.0,71168.63,2100.0,UPI,same_sender,1
SYN-10118,Synthetic customer 119,Salaried,Bengaluru,78000.0,46321.54,70695.88,7069588,500.0,44459.29,4100.0,UPI,pooled_payments,1
SYN-10119,Synthetic customer 120,Salaried,Jaipur,103000.0,55552.79,95977.02,9597702,4000.0,112045.95,1600.0,UPI,multiple_episodes,28
SYN-10120,Synthetic customer 121,Salaried,Delhi,97000.0,52776.13,394897.6,39489760,3500.0,60140.78,4400.0,UPI,buffered_scam,1
SYN-10121,Synthetic customer 122,Salaried,Mumbai,93000.0,37140.46,33747.76,3374776,2000.0,54322.1,2000.0,UPI,recovered_scam,5
SYN-10122,Synthetic customer 123,Salaried,Bengaluru,26000.0,15565.09,50320.19,5032019,2500.0,26101.15,3400.0,UPI,familiar_device_scam,28
SYN-10123,Synthetic customer 124,Salaried,Jaipur,123000.0,67289.99,65946.09,6594609,4000.0,126779.31,5100.0,UPI,small_scam,28
SYN-10124,Synthetic customer 125,Salaried,Delhi,69000.0,32467.43,137382.18,13738218,1500.0,42282.81,3400.0,UPI,legitimate_large,1
SYN-10125,Synthetic customer 126,Salaried,Mumbai,104000.0,37367.7,200467.75,20046775,1500.0,104273.81,5100.0,UPI,new_device_legitimate,1
SYN-10126,Synthetic customer 127,Salaried,Bengaluru,93000.0,42284.18,60304.21,6030421,5000.0,52782.39,3300.0,UPI,prior_distress_unrelated_scam,1
SYN-10127,Synthetic customer 128,Salaried,Jaipur,124000.0,47027.62,46032.52,4603252,5000.0,132570.58,4100.0,UPI,income_gap,28
