repayment_id,loan_id,customer_id,installment_num,due_date,amount_due,amount_due_paise,amount_paid,amount_paid_paise,payment_date,payment_transaction_ids,days_delayed,repayment_status,principal_before_paise,interest_due_paise
RP-1-0-0,LN-1-0,SYN-10001,2,2026-08-27,16861.32,1686132,16861.32,1686132,2026-08-27,TX-100045,0,on_time,46363800,711990
RP-1-0-1,LN-1-1,SYN-10001,2,2026-08-27,9220.74,922074,9220.74,922074,2026-08-27,TX-100046,0,on_time,19976161,166966
RP-1-1-0,LN-1-0,SYN-10001,3,2026-09-27,16861.32,1686132,16861.32,1686132,2026-10-03,TX-100060;TX-100063,6,late,45389658,697030
RP-1-1-1,LN-1-1,SYN-10001,3,2026-09-27,9220.74,922074,9220.74,922074,2026-10-03,TX-100064,6,late,19221053,160654
RP-1-2-0,LN-1-0,SYN-10001,4,2026-10-27,16861.32,1686132,16861.32,1686132,2026-11-02,TX-100073,6,late,44400556,681841
RP-1-2-1,LN-1-1,SYN-10001,4,2026-10-27,9220.74,922074,9220.74,922074,2026-11-02,TX-100074,6,late,18459633,154290
RP-2-0-0,LN-2-0,SYN-10002,2,2026-08-26,13592.15,1359215,13592.15,1359215,2026-08-29,TX-100086,3,late,38346604,529915
RP-2-1-0,LN-2-0,SYN-10002,3,2026-09-26,13592.15,1359215,13592.15,1359215,2026-09-29,TX-100096,3,late,37517304,518455
RP-2-2-0,LN-2-0,SYN-10002,4,2026-10-26,13592.15,1359215,13592.15,1359215,2026-10-29,TX-100106,3,late,36676544,506836
RP-3-0-0,LN-3-0,SYN-10003,2,2026-08-26,20458.12,2045812,20458.12,2045812,2026-08-26,TX-100120,0,on_time,22139065,360221
RP-3-1-0,LN-3-0,SYN-10003,3,2026-09-26,20458.12,2045812,20458.12,2045812,2026-09-26,TX-100133,0,on_time,20453474,332795
RP-3-2-0,LN-3-0,SYN-10003,4,2026-10-26,20458.12,2045812,20458.12,2045812,2026-10-26,TX-100144,0,on_time,18740457,304923
RP-4-0-0,LN-4-0,SYN-10004,2,2026-08-23,17715.15,1771515,17715.15,1771515,2026-08-23,TX-100155,0,on_time,52290297,583141
RP-4-1-0,LN-4-0,SYN-10004,3,2026-09-23,17715.15,1771515,17715.15,1771515,2026-09-23,TX-100164,0,on_time,51101923,569889
RP-4-2-0,LN-4-0,SYN-10004,4,2026-10-23,17715.15,1771515,17715.15,1771515,2026-10-23,TX-100173,0,on_time,49900297,556488
RP-5-0-0,LN-5-0,SYN-10005,2,2026-08-27,6058.74,605874,6058.74,605874,2026-08-27,TX-100187,0,on_time,17078965,236858
RP-5-1-0,LN-5-0,SYN-10005,3,2026-09-27,6058.74,605874,6058.74,605874,2026-09-27,TX-100196,0,on_time,16709949,231741
RP-5-2-0,LN-5-0,SYN-10005,4,2026-10-27,6058.74,605874,6058.74,605874,2026-10-27,TX-100205,0,on_time,16335816,226552
RP-6-0-0,LN-6-0,SYN-10006,2,2026-08-24,9449.25,944925,9449.25,944925,2026-08-24,TX-100217,0,on_time,28081908,302030
RP-6-1-0,LN-6-0,SYN-10006,3,2026-09-24,9449.25,944925,9449.25,944925,2026-09-24,TX-100232,0,on_time,27439013,295116
RP-6-2-0,LN-6-0,SYN-10006,4,2026-10-24,9449.25,944925,9449.25,944925,2026-10-24,TX-100242,0,on_time,26789204,288127
RP-7-0-0,LN-7-0,SYN-10007,2,2026-08-20,5440.81,544081,5440.81,544081,2026-08-20,TX-100254,0,on_time,16527148,156775
RP-7-1-0,LN-7-0,SYN-10007,3,2026-09-20,5440.81,544081,27.91,2791,2026-10-02,TX-100270,12,partial,16139842,153101
RP-7-2-0,LN-7-0,SYN-10007,4,2026-10-20,5440.81,544081,1591.07,159107,2026-11-01,TX-100282,12,partial,16139842,153101
RP-8-0-0,LN-8-0,SYN-10008,2,2026-08-23,10397.65,1039765,10397.65,1039765,2026-08-23,TX-100290,0,on_time,30799466,337136
RP-8-1-0,LN-8-0,SYN-10008,3,2026-09-23,10397.65,1039765,10397.65,1039765,2026-09-23,TX-100301,0,on_time,30096837,329445
RP-8-2-0,LN-8-0,SYN-10008,4,2026-10-23,10397.65,1039765,5099.06,509906,2026-10-23,TX-100311,0,partial,29386517,321670
RP-9-0-0,LN-9-0,SYN-10009,2,2026-08-23,26053.37,2605337,26053.37,2605337,2026-08-23,TX-100327,0,on_time,54800391,593717
RP-9-1-0,LN-9-0,SYN-10009,3,2026-09-23,26053.37,2605337,26053.37,2605337,2026-09-23,TX-100341,0,on_time,52788771,571922
RP-9-2-0,LN-9-0,SYN-10009,4,2026-10-23,26053.37,2605337,26053.37,2605337,2026-10-23,TX-100351,0,on_time,50755356,549892
RP-11-0-0,LN-11-0,SYN-10011,2,2026-08-21,27941.86,2794186,27941.86,2794186,2026-08-21,TX-100397,0,on_time,30410693,466895
RP-11-0-1,LN-11-1,SYN-10011,2,2026-08-21,15425.76,1542576,15425.76,1542576,2026-08-21,TX-100398,0,on_time,17070865,216544
RP-11-1-0,LN-11-0,SYN-10011,3,2026-09-21,27941.86,2794186,27941.86,2794186,2026-10-03,TX-100417,12,late,28083402,431164
RP-11-1-1,LN-11-1,SYN-10011,3,2026-09-21,15425.76,1542576,15425.76,1542576,2026-10-03,TX-100418,12,late,15744833,199723
RP-11-2-0,LN-11-0,SYN-10011,4,2026-10-21,27941.86,2794186,27941.86,2794186,2026-11-02,TX-100426,12,late,25720380,394885
RP-11-2-1,LN-11-1,SYN-10011,4,2026-10-21,15425.76,1542576,15425.76,1542576,2026-11-02,TX-100427,12,late,14401980,182689
RP-12-0-0,LN-12-0,SYN-10012,2,2026-08-25,13356.45,1335645,13356.45,1335645,2026-08-25,TX-100438,0,on_time,39503615,435929
RP-12-1-0,LN-12-0,SYN-10012,3,2026-09-25,13356.45,1335645,13356.45,1335645,2026-09-25,TX-100453,0,on_time,38603899,426000
RP-12-2-0,LN-12-0,SYN-10012,4,2026-10-25,13356.45,1335645,13356.45,1335645,2026-10-25,TX-100463,0,on_time,37694254,415962
RP-13-0-0,LN-13-0,SYN-10013,2,2026-08-28,30143.67,3014367,30143.67,3014367,2026-08-28,TX-100478,0,on_time,83854787,1229227
RP-13-1-0,LN-13-0,SYN-10013,3,2026-09-28,30143.67,3014367,30143.67,3014367,2026-10-01,TX-100495;TX-100497,3,late,82069647,1203059
RP-13-2-0,LN-13-0,SYN-10013,4,2026-10-28,30143.67,3014367,30143.67,3014367,2026-10-28,TX-100507,0,on_time,80258339,1176507
RP-14-0-0,LN-14-0,SYN-10014,2,2026-08-24,19567.19,1956719,19567.19,1956719,2026-08-24,TX-100519,0,on_time,40014421,529144
RP-14-1-0,LN-14-0,SYN-10014,3,2026-09-24,19567.19,1956719,19567.19,1956719,2026-10-03,TX-100530;TX-100536,9,late,38586846,510266
RP-14-2-0,LN-14-0,SYN-10014,4,2026-10-24,19567.19,1956719,19567.19,1956719,2026-10-24,TX-100541,0,on_time,37140393,491138
RP-15-0-0,LN-15-0,SYN-10015,2,2026-08-25,25186.85,2518685,25186.85,2518685,2026-08-25,TX-100554,0,on_time,52859847,582634
RP-15-1-0,LN-15-0,SYN-10015,3,2026-09-25,25186.85,2518685,25186.85,2518685,2026-09-25,TX-100567,0,on_time,50923796,561295
RP-15-2-0,LN-15-0,SYN-10015,4,2026-10-25,25186.85,2518685,25186.85,2518685,2026-10-25,TX-100578,0,on_time,48966406,539720
RP-16-0-0,LN-16-0,SYN-10016,2,2026-08-25,26882.78,2688278,26882.78,2688278,2026-08-25,TX-100592,0,on_time,54716635,745551
RP-16-1-0,LN-16-0,SYN-10016,3,2026-09-25,26882.78,2688278,26882.78,2688278,2026-09-25,TX-100601,0,on_time,52773908,719080
RP-16-2-0,LN-16-0,SYN-10016,4,2026-10-25,26882.78,2688278,26882.78,2688278,2026-10-25,TX-100610,0,on_time,50804710,692248
RP-17-0-0,LN-17-0,SYN-10017,2,2026-08-23,10129.44,1012944,10129.44,1012944,2026-08-23,TX-100622,0,on_time,20545426,286081
RP-17-1-0,LN-17-0,SYN-10017,3,2026-09-23,10129.44,1012944,10129.44,1012944,2026-09-23,TX-100634,0,on_time,19818563,275960
RP-17-2-0,LN-17-0,SYN-10017,4,2026-10-23,10129.44,1012944,10129.44,1012944,2026-10-23,TX-100644,0,on_time,19081579,265698
RP-18-0-0,LN-18-0,SYN-10018,2,2026-08-28,82537.5,8253750,82537.5,8253750,2026-08-28,TX-100659,0,on_time,90795476,1238412
RP-18-1-0,LN-18-0,SYN-10018,3,2026-09-28,82537.5,8253750,64364.52,6436452,2026-10-01,TX-100672,3,partial,83780138,1142726
RP-18-2-0,LN-18-0,SYN-10018,4,2026-10-28,82537.5,8253750,0,0,,,0,missed,78486412,1070522
RP-19-0-0,LN-19-0,SYN-10019,2,2026-08-25,13868.28,1386828,13868.28,1386828,2026-08-25,TX-100695,0,on_time,39240255,535433
RP-19-1-0,LN-19-0,SYN-10019,3,2026-09-25,13868.28,1386828,13868.28,1386828,2026-09-25,TX-100708,0,on_time,38388860,523816
RP-19-2-0,LN-19-0,SYN-10019,4,2026-10-25,13868.28,1386828,13868.28,1386828,2026-11-03,TX-100723,9,late,37525848,512040
RP-21-0-0,LN-21-0,SYN-10021,2,2026-08-25,16188.88,1618888,16188.88,1618888,2026-08-25,TX-100766,0,on_time,34173033,359976
RP-21-0-1,LN-21-1,SYN-10021,2,2026-08-25,8118.52,811852,8118.52,811852,2026-08-25,TX-100767,0,on_time,23669634,281083
RP-21-1-0,LN-21-0,SYN-10021,3,2026-09-25,16188.88,1618888,16188.88,1618888,2026-09-25,TX-100782,0,on_time,32914121,346715
RP-21-1-1,LN-21-1,SYN-10021,3,2026-09-25,8118.52,811852,8118.52,811852,2026-09-25,TX-100783,0,on_time,23138865,274780
RP-21-2-0,LN-21-0,SYN-10021,4,2026-10-25,16188.88,1618888,16188.88,1618888,2026-11-03,TX-100794;TX-100798,9,late,31641948,333314
RP-21-2-1,LN-21-1,SYN-10021,4,2026-10-25,8118.52,811852,8118.52,811852,2026-11-03,TX-100799,9,late,22601793,268402
RP-22-0-0,LN-22-0,SYN-10022,2,2026-08-21,62410.15,6241015,62410.15,6241015,2026-08-21,TX-100809,0,on_time,69675784,786349
RP-22-1-0,LN-22-0,SYN-10022,3,2026-09-21,62410.15,6241015,62410.15,6241015,2026-09-21,TX-100822,0,on_time,64221118,724789
RP-22-2-0,LN-22-0,SYN-10022,4,2026-10-21,62410.15,6241015,62410.15,6241015,2026-10-21,TX-100831,0,on_time,58704892,662534
RP-23-0-0,LN-23-0,SYN-10023,2,2026-08-28,29901.11,2990111,29901.11,2990111,2026-08-28,TX-100844,0,on_time,32674678,480478
RP-23-1-0,LN-23-0,SYN-10023,3,2026-09-28,29901.11,2990111,29901.11,2990111,2026-10-01,TX-100859,3,late,30165045,443574
RP-23-2-0,LN-23-0,SYN-10023,4,2026-10-28,29901.11,2990111,29901.11,2990111,2026-10-28,TX-100867,0,on_time,27618508,406128
RP-24-0-0,LN-24-0,SYN-10024,2,2026-08-26,8713.35,871335,8713.35,871335,2026-08-26,TX-100881,0,on_time,17677212,245799
RP-24-1-0,LN-24-0,SYN-10024,3,2026-09-26,8713.35,871335,8713.35,871335,2026-09-26,TX-100894,0,on_time,17051676,237101
RP-24-2-0,LN-24-0,SYN-10024,4,2026-10-26,8713.35,871335,8713.35,871335,2026-10-26,TX-100905,0,on_time,16417442,228282
RP-25-0-0,LN-25-0,SYN-10025,2,2026-08-23,56912.29,5691229,56912.29,5691229,2026-08-23,TX-100918,0,on_time,61640412,994578
RP-25-1-0,LN-25-0,SYN-10025,3,2026-09-23,56912.29,5691229,56912.29,5691229,2026-09-23,TX-100933,0,on_time,56943761,918797
RP-25-2-0,LN-25-0,SYN-10025,4,2026-10-23,56912.29,5691229,56912.29,5691229,2026-10-23,TX-100944,0,on_time,52171329,841793
RP-26-0-0,LN-26-0,SYN-10026,2,2026-08-21,16135.53,1613553,16135.53,1613553,2026-08-21,TX-100958,0,on_time,43549100,717816
RP-26-1-0,LN-26-0,SYN-10026,3,2026-09-21,16135.53,1613553,16135.53,1613553,2026-09-30,TX-100970;TX-100974,9,late,42653363,703052
RP-26-2-0,LN-26-0,SYN-10026,4,2026-10-21,16135.53,1613553,16135.53,1613553,2026-10-21,TX-100982,0,on_time,41742862,688044
RP-27-0-0,LN-27-0,SYN-10027,2,2026-08-24,68551.89,6855189,68551.89,6855189,2026-08-30,TX-100995;TX-100998,6,late,74064849,1224360
RP-27-1-0,LN-27-0,SYN-10027,3,2026-09-24,68551.89,6855189,68551.89,6855189,2026-10-30,TX-101015;TX-101026,36,late,68434020,1131277
RP-27-2-0,LN-27-0,SYN-10027,4,2026-10-24,68551.89,6855189,68551.89,6855189,2026-10-30,TX-101027,6,late,62751319,1037337
RP-28-0-0,LN-28-0,SYN-10028,2,2026-08-24,6864.59,686459,6864.59,686459,2026-09-05,TX-101045,12,late,7446983,118209
RP-28-1-0,LN-28-0,SYN-10028,3,2026-09-24,6864.59,686459,6864.59,686459,2026-10-06,TX-101059,12,late,6878733,109189
RP-28-2-0,LN-28-0,SYN-10028,4,2026-10-24,6864.59,686459,6864.59,686459,2026-11-05,TX-101066;TX-101072,12,late,6301463,100026
RP-29-0-0,LN-29-0,SYN-10029,2,2026-08-27,43702.92,4370292,43702.92,4370292,2026-09-02,TX-101083;TX-101085,6,late,48870382,538881
RP-29-1-0,LN-29-0,SYN-10029,3,2026-09-27,43702.92,4370292,43702.92,4370292,2026-10-03,TX-101096,6,late,45038971,496633
RP-29-2-0,LN-29-0,SYN-10029,4,2026-10-27,43702.92,4370292,43702.92,4370292,2026-11-02,TX-101107,6,late,41165312,453920
RP-31-0-0,LN-31-0,SYN-10031,2,2026-08-22,33707.95,3370795,33707.95,3370795,2026-08-22,TX-101156,0,on_time,37984916,372509
RP-31-0-1,LN-31-1,SYN-10031,2,2026-08-22,31075.16,3107516,31075.16,3107516,2026-08-22,TX-101157,0,on_time,63353690,854340
RP-31-1-0,LN-31-0,SYN-10031,3,2026-09-22,33707.95,3370795,33707.95,3370795,2026-10-07,TX-101175,15,late,34986630,343105
RP-31-1-1,LN-31-1,SYN-10031,3,2026-09-22,31075.16,3107516,11453.16,1145316,2026-10-07,TX-101176,15,partial,61100514,823956
RP-31-2-0,LN-31-0,SYN-10031,4,2026-10-22,33707.95,3370795,0,0,,,0,missed,31958940,313413
RP-31-2-1,LN-31-1,SYN-10031,4,2026-10-22,31075.16,3107516,0,0,,,0,missed,60779154,819622
RP-32-0-0,LN-32-0,SYN-10032,2,2026-08-25,20634.48,2063448,20634.48,2063448,2026-08-25,TX-101191,0,on_time,42064246,567569
RP-32-1-0,LN-32-0,SYN-10032,3,2026-09-25,20634.48,2063448,20634.48,2063448,2026-10-01,TX-101208,6,late,40568367,547386
RP-32-2-0,LN-32-0,SYN-10032,4,2026-10-25,20634.48,2063448,18873.38,1887338,2026-11-03,TX-101220,9,partial,39052305,526929
RP-33-0-0,LN-33-0,SYN-10033,2,2026-08-22,11576.8,1157680,11576.8,1157680,2026-08-22,TX-101229,0,on_time,35819803,301827
RP-33-1-0,LN-33-0,SYN-10033,3,2026-09-22,11576.8,1157680,11576.8,1157680,2026-09-22,TX-101242,0,on_time,34963950,294615
RP-33-2-0,LN-33-0,SYN-10033,4,2026-10-22,11576.8,1157680,11576.8,1157680,2026-10-22,TX-101251,0,on_time,34100885,287343
RP-34-0-0,LN-34-0,SYN-10034,2,2026-08-27,12043.45,1204345,12043.45,1204345,2026-08-27,TX-101266,0,on_time,25860474,235339
RP-34-1-0,LN-34-0,SYN-10034,3,2026-09-27,12043.45,1204345,12043.45,1204345,2026-09-30,TX-101281,3,late,24891468,226521
RP-34-2-0,LN-34-0,SYN-10034,4,2026-10-27,12043.45,1204345,12043.45,1204345,2026-10-27,TX-101292,0,on_time,23913644,217622
RP-35-0-0,LN-35-0,SYN-10035,2,2026-08-27,29814.73,2981473,29814.73,2981473,2026-08-27,TX-101305,0,on_time,32656275,468013
RP-35-1-0,LN-35-0,SYN-10035,3,2026-09-27,29814.73,2981473,29814.73,2981473,2026-10-03,TX-101327,6,late,30142815,431992
RP-35-2-0,LN-35-0,SYN-10035,4,2026-10-27,29814.73,2981473,29814.73,2981473,2026-11-05,TX-101338,9,late,27593334,395454
RP-36-0-0,LN-36-0,SYN-10036,2,2026-08-22,7067.09,706709,7067.09,706709,2026-08-22,TX-101347,0,on_time,20256132,260885
RP-36-1-0,LN-36-0,SYN-10036,3,2026-09-22,7067.09,706709,7067.09,706709,2026-09-22,TX-101362,0,on_time,19810308,255144
RP-36-2-0,LN-36-0,SYN-10036,4,2026-10-22,7067.09,706709,7067.09,706709,2026-10-22,TX-101373,0,on_time,19358743,249328
RP-37-0-0,LN-37-0,SYN-10037,2,2026-08-21,9242.76,924276,9242.76,924276,2026-08-21,TX-101388,0,on_time,28100045,265168
RP-37-1-0,LN-37-0,SYN-10037,3,2026-09-21,9242.76,924276,9242.76,924276,2026-09-21,TX-101400,0,on_time,27440937,258949
RP-37-2-0,LN-37-0,SYN-10037,4,2026-10-21,9242.76,924276,9242.76,924276,2026-10-21,TX-101409,0,on_time,26775610,252670
RP-38-0-0,LN-38-0,SYN-10038,2,2026-08-28,48682.59,4868259,48682.59,4868259,2026-08-28,TX-101423,0,on_time,52960536,816872
RP-38-1-0,LN-38-0,SYN-10038,3,2026-09-28,48682.59,4868259,48682.59,4868259,2026-09-28,TX-101440,0,on_time,48909149,754383
RP-38-2-0,LN-38-0,SYN-10038,4,2026-10-28,48682.59,4868259,48682.59,4868259,2026-10-28,TX-101452,0,on_time,44795273,690930
RP-39-0-0,LN-39-0,SYN-10039,2,2026-08-27,24624.01,2462401,24624.01,2462401,2026-08-27,TX-101462,0,on_time,74350806,731091
RP-39-1-0,LN-39-0,SYN-10039,3,2026-09-27,24624.01,2462401,24624.01,2462401,2026-09-27,TX-101473,0,on_time,72619496,714068
RP-39-2-0,LN-39-0,SYN-10039,4,2026-10-27,24624.01,2462401,24624.01,2462401,2026-10-27,TX-101482,0,on_time,70871163,696876
RP-41-0-0,LN-41-0,SYN-10041,2,2026-08-26,11611.3,1161130,11611.3,1161130,2026-08-26,TX-101522,0,on_time,23649843,320838
RP-41-0-1,LN-41-1,SYN-10041,2,2026-08-26,14619.1,1461910,14619.1,1461910,2026-08-26,TX-101523,0,on_time,16473627,161616
RP-41-1-0,LN-41-0,SYN-10041,3,2026-09-26,11611.3,1161130,11611.3,1161130,2026-09-26,TX-101534,0,on_time,22809551,309438
RP-41-1-1,LN-41-1,SYN-10041,3,2026-09-26,14619.1,1461910,14619.1,1461910,2026-09-26,TX-101535,0,on_time,15173333,148859
RP-41-2-0,LN-41-0,SYN-10041,4,2026-10-26,11611.3,1161130,11611.3,1161130,2026-10-26,TX-101546,0,on_time,21957859,297884
RP-41-2-1,LN-41-1,SYN-10041,4,2026-10-26,14619.1,1461910,14619.1,1461910,2026-10-26,TX-101547,0,on_time,13860282,135977
RP-42-0-0,LN-42-0,SYN-10042,2,2026-08-20,15749.92,1574992,15749.92,1574992,2026-08-20,TX-101559,0,on_time,31202390,497678
RP-42-1-0,LN-42-0,SYN-10042,3,2026-09-20,15749.92,1574992,15749.92,1574992,2026-09-20,TX-101575,0,on_time,30125076,480495
RP-42-2-0,LN-42-0,SYN-10042,4,2026-10-20,15749.92,1574992,0,0,,,0,missed,29030579,463038
RP-43-0-0,LN-43-0,SYN-10043,2,2026-08-24,19547.88,1954788,19547.88,1954788,2026-08-24,TX-101602,0,on_time,21438389,302842
RP-43-1-0,LN-43-0,SYN-10043,3,2026-09-24,19547.88,1954788,19547.88,1954788,2026-10-06,TX-101619,12,late,19786443,279507
RP-43-2-0,LN-43-0,SYN-10043,4,2026-10-24,19547.88,1954788,13196.46,1319646,2026-11-05,TX-101631,12,partial,18111162,255841
RP-44-0-0,LN-44-0,SYN-10044,2,2026-08-28,59199.32,5919932,59199.32,5919932,2026-08-28,TX-101643,0,on_time,66516279,683039
RP-44-1-0,LN-44-0,SYN-10044,3,2026-09-28,59199.32,5919932,26120.94,2612094,2026-10-28,TX-101655;TX-101664,30,partial,61279386,629263
RP-44-2-0,LN-44-0,SYN-10044,4,2026-10-28,59199.32,5919932,1158.48,115848,2026-10-28,TX-101665,0,partial,61279386,629263
RP-45-0-0,LN-45-0,SYN-10045,2,2026-08-22,20445.31,2044531,20445.31,2044531,2026-08-22,TX-101675,0,on_time,59155490,729032
RP-45-1-0,LN-45-0,SYN-10045,3,2026-09-22,20445.31,2044531,20445.31,2044531,2026-09-22,TX-101688,0,on_time,57839991,712820
RP-45-2-0,LN-45-0,SYN-10045,4,2026-10-22,20445.31,2044531,20445.31,2044531,2026-10-22,TX-101697,0,on_time,56508280,696408
RP-46-0-0,LN-46-0,SYN-10046,2,2026-08-24,8740.23,874023,8740.23,874023,2026-08-24,TX-101709,0,on_time,25267260,312649
RP-46-1-0,LN-46-0,SYN-10046,3,2026-09-24,8740.23,874023,8740.23,874023,2026-09-24,TX-101726,0,on_time,24705886,305702
RP-46-2-0,LN-46-0,SYN-10046,4,2026-10-24,8740.23,874023,8740.23,874023,2026-10-24,TX-101737,0,on_time,24137565,298670
RP-47-0-0,LN-47-0,SYN-10047,2,2026-08-23,55304.41,5530441,55304.41,5530441,2026-08-23,TX-101753,0,on_time,60617084,862036
RP-47-1-0,LN-47-0,SYN-10047,3,2026-09-23,55304.41,5530441,55304.41,5530441,2026-10-05,TX-101772,12,late,55948679,795646
RP-47-2-0,LN-47-0,SYN-10047,4,2026-10-23,55304.41,5530441,0,0,,,0,missed,51213884,728313
RP-48-0-0,LN-48-0,SYN-10048,2,2026-08-20,40821.24,4082124,40821.24,4082124,2026-08-20,TX-101790,0,on_time,45380346,542809
RP-48-1-0,LN-48-0,SYN-10048,3,2026-09-20,40821.24,4082124,40821.24,4082124,2026-09-20,TX-101802,0,on_time,41841031,500475
RP-48-2-0,LN-48-0,SYN-10048,4,2026-10-20,40821.24,4082124,40821.24,4082124,2026-10-20,TX-101812,0,on_time,38259382,457633
RP-49-0-0,LN-49-0,SYN-10049,2,2026-08-28,5847.16,584716,5847.16,584716,2026-08-28,TX-101828,0,on_time,11702841,176339
RP-49-1-0,LN-49-0,SYN-10049,3,2026-09-28,5847.16,584716,5847.16,584716,2026-09-28,TX-101843,0,on_time,11294464,170186
RP-49-2-0,LN-49-0,SYN-10049,4,2026-10-28,5847.16,584716,5847.16,584716,2026-10-28,TX-101852,0,on_time,10879934,163940
RP-51-0-0,LN-51-0,SYN-10051,2,2026-08-28,3305.81,330581,3305.81,330581,2026-08-28,TX-101899,0,on_time,7144950,61124
RP-51-0-1,LN-51-1,SYN-10051,2,2026-08-28,8218.54,821854,8218.54,821854,2026-09-03,TX-101900;TX-101903,6,late,9241831,93716
RP-51-1-0,LN-51-0,SYN-10051,3,2026-09-28,3305.81,330581,3305.81,330581,2026-10-01,TX-101915,3,late,6875493,58819
RP-51-1-1,LN-51-1,SYN-10051,3,2026-09-28,8218.54,821854,8218.54,821854,2026-10-01,TX-101916,3,late,8513693,86332
RP-51-2-0,LN-51-0,SYN-10051,4,2026-10-28,3305.81,330581,3305.81,330581,2026-11-03,TX-101928,6,late,6603731,56494
RP-51-2-1,LN-51-1,SYN-10051,4,2026-10-28,8218.54,821854,8218.54,821854,2026-11-03,TX-101929,6,late,7778171,78874
RP-52-0-0,LN-52-0,SYN-10052,2,2026-08-27,9326.28,932628,9326.28,932628,2026-08-27,TX-101939,0,on_time,25218900,412787
RP-52-1-0,LN-52-0,SYN-10052,3,2026-09-27,9326.28,932628,9326.28,932628,2026-09-27,TX-101950,0,on_time,24699059,404278
RP-52-2-0,LN-52-0,SYN-10052,4,2026-10-27,9326.28,932628,9326.28,932628,2026-10-27,TX-101959,0,on_time,24170709,395630
RP-53-0-0,LN-53-0,SYN-10053,2,2026-08-25,17501.25,1750125,17501.25,1750125,2026-08-25,TX-101972,0,on_time,19368772,245520
RP-53-1-0,LN-53-0,SYN-10053,3,2026-09-25,17501.25,1750125,17501.25,1750125,2026-09-25,TX-101985,0,on_time,17864167,226448
RP-53-2-0,LN-53-0,SYN-10053,4,2026-10-25,17501.25,1750125,17501.25,1750125,2026-11-03,TX-101996;TX-102002,9,late,16340490,207133
RP-54-0-0,LN-54-0,SYN-10054,2,2026-08-20,51788.1,5178810,51788.1,5178810,2026-08-20,TX-102011,0,on_time,58686519,523660
RP-54-1-0,LN-54-0,SYN-10054,3,2026-09-20,51788.1,5178810,51788.1,5178810,2026-10-02,TX-102024;TX-102030,12,late,54031369,482122
RP-54-2-0,LN-54-0,SYN-10054,4,2026-10-20,51788.1,5178810,18790.48,1879048,2026-11-01,TX-102042,12,partial,49334681,440213
RP-55-0-0,LN-55-0,SYN-10055,2,2026-08-28,15698.95,1569895,15698.95,1569895,2026-08-28,TX-102053,0,on_time,42688381,684313
RP-55-1-0,LN-55-0,SYN-10055,3,2026-09-28,15698.95,1569895,15698.95,1569895,2026-10-01,TX-102063,3,late,41802799,670116
RP-55-2-0,LN-55-0,SYN-10055,4,2026-10-28,15698.95,1569895,15698.95,1569895,2026-11-03,TX-102075,6,late,40903020,655692
RP-56-0-0,LN-56-0,SYN-10056,2,2026-08-24,26691.79,2669179,26691.79,2669179,2026-08-24,TX-102084,0,on_time,57351534,518807
RP-56-1-0,LN-56-0,SYN-10056,3,2026-09-24,26691.79,2669179,26691.79,2669179,2026-10-03,TX-102098;TX-102102,9,late,55201162,499354
RP-56-2-0,LN-56-0,SYN-10056,4,2026-10-24,26691.79,2669179,26691.79,2669179,2026-11-02,TX-102108;TX-102111,9,late,53031337,479726
RP-57-0-0,LN-57-0,SYN-10057,2,2026-08-28,4336.87,433687,4336.87,433687,2026-08-28,TX-102124,0,on_time,13315116,118121
RP-57-1-0,LN-57-0,SYN-10057,3,2026-09-28,4336.87,433687,4336.87,433687,2026-09-28,TX-102138,0,on_time,12999550,115321
RP-57-2-0,LN-57-0,SYN-10057,4,2026-10-28,4336.87,433687,4336.87,433687,2026-10-28,TX-102148,0,on_time,12681184,112497
RP-58-0-0,LN-58-0,SYN-10058,2,2026-08-28,38504.34,3850434,38504.34,3850434,2026-08-28,TX-102161,0,on_time,43717855,376746
RP-58-1-0,LN-58-0,SYN-10058,3,2026-09-28,38504.34,3850434,38504.34,3850434,2026-09-28,TX-102175,0,on_time,40244167,346811
RP-58-2-0,LN-58-0,SYN-10058,4,2026-10-28,38504.34,3850434,38504.34,3850434,2026-10-28,TX-102185,0,on_time,36740544,316618
RP-59-0-0,LN-59-0,SYN-10059,2,2026-08-22,9948.72,994872,9948.72,994872,2026-08-22,TX-102197,0,on_time,19808094,307400
RP-59-1-0,LN-59-0,SYN-10059,3,2026-09-22,9948.72,994872,9948.72,994872,2026-10-01,TX-102208;TX-102214,9,late,19120622,296731
RP-59-2-0,LN-59-0,SYN-10059,4,2026-10-22,9948.72,994872,9948.72,994872,2026-10-22,TX-102221,0,on_time,18422481,285897
RP-61-0-0,LN-61-0,SYN-10061,2,2026-08-27,28338.13,2833813,28338.13,2833813,2026-09-02,TX-102269;TX-102272,6,late,57204491,819917
RP-61-0-1,LN-61-1,SYN-10061,2,2026-08-27,13891.34,1389134,13891.34,1389134,2026-09-02,TX-102270;TX-102273,6,late,40716349,470810
RP-61-1-0,LN-61-0,SYN-10061,3,2026-09-27,28338.13,2833813,28338.13,2833813,2026-10-03,TX-102291,6,late,55190595,791051
RP-61-1-1,LN-61-1,SYN-10061,3,2026-09-27,13891.34,1389134,13891.34,1389134,2026-10-03,TX-102292,6,late,39798025,460191
RP-61-2-0,LN-61-0,SYN-10061,4,2026-10-27,28338.13,2833813,28338.13,2833813,2026-11-05,TX-102306,9,late,53147833,761772
RP-61-2-1,LN-61-1,SYN-10061,4,2026-10-27,13891.34,1389134,13891.34,1389134,2026-11-02,TX-102303,6,late,38869082,449450
RP-62-0-0,LN-62-0,SYN-10062,2,2026-08-22,57235.82,5723582,57235.82,5723582,2026-08-22,TX-102316,0,on_time,62499469,926336
RP-62-1-0,LN-62-0,SYN-10062,3,2026-09-22,57235.82,5723582,57235.82,5723582,2026-10-01,TX-102329;TX-102334,9,late,57702223,855233
RP-62-2-0,LN-62-0,SYN-10062,4,2026-10-22,57235.82,5723582,57235.82,5723582,2026-11-03,TX-102347,12,late,52833874,783077
RP-63-0-0,LN-63-0,SYN-10063,2,2026-08-21,11213.17,1121317,11213.17,1121317,2026-08-21,TX-102358,0,on_time,23530367,259593
RP-63-1-0,LN-63-0,SYN-10063,3,2026-09-21,11213.17,1121317,11213.17,1121317,2026-10-06,TX-102372;TX-102380,15,late,22668643,250086
RP-63-2-0,LN-63-0,SYN-10063,4,2026-10-21,11213.17,1121317,11213.17,1121317,2026-10-21,TX-102385,0,on_time,21797412,240474
RP-64-0-0,LN-64-0,SYN-10064,2,2026-08-21,5364.31,536431,5364.31,536431,2026-08-21,TX-102402,0,on_time,14774744,225418
RP-64-1-0,LN-64-0,SYN-10064,3,2026-09-21,5364.31,536431,5364.31,536431,2026-10-06,TX-102422,15,late,14463731,220673
RP-64-2-0,LN-64-0,SYN-10064,4,2026-10-21,5364.31,536431,5364.31,536431,2026-11-05,TX-102435,15,late,14147973,215856
RP-65-0-0,LN-65-0,SYN-10065,2,2026-08-24,33571.88,3357188,33571.88,3357188,2026-08-24,TX-102445,0,on_time,36456043,572895
RP-65-1-0,LN-65-0,SYN-10065,3,2026-09-24,33571.88,3357188,33571.88,3357188,2026-09-24,TX-102455,0,on_time,33671750,529140
RP-65-2-0,LN-65-0,SYN-10065,4,2026-10-24,33571.88,3357188,33571.88,3357188,2026-11-05,TX-102465;TX-102471,12,late,30843702,484698
RP-66-0-0,LN-66-0,SYN-10066,2,2026-08-25,11637.7,1163770,11637.7,1163770,2026-08-25,TX-102481,0,on_time,24373885,272894
RP-66-1-0,LN-66-0,SYN-10066,3,2026-09-25,11637.7,1163770,11637.7,1163770,2026-10-07,TX-102502,12,late,23483009,262920
RP-66-2-0,LN-66-0,SYN-10066,4,2026-10-25,11637.7,1163770,11637.7,1163770,2026-10-25,TX-102508,0,on_time,22582159,252834
RP-67-0-0,LN-67-0,SYN-10067,2,2026-08-23,10088.85,1008885,10088.85,1008885,2026-08-23,TX-102520,0,on_time,21110940,237971
RP-67-1-0,LN-67-0,SYN-10067,3,2026-09-23,10088.85,1008885,10088.85,1008885,2026-09-23,TX-102528,0,on_time,20340026,229281
RP-67-2-0,LN-67-0,SYN-10067,4,2026-10-23,10088.85,1008885,10088.85,1008885,2026-10-23,TX-102537,0,on_time,19560422,220493
RP-68-0-0,LN-68-0,SYN-10068,2,2026-08-28,17039.61,1703961,17039.61,1703961,2026-08-28,TX-102551,0,on_time,18430084,301416
RP-68-1-0,LN-68-0,SYN-10068,3,2026-09-28,17039.61,1703961,9619.7,961970,2026-10-01,TX-102565,3,partial,17027539,278478
RP-68-2-0,LN-68-0,SYN-10068,4,2026-10-28,17039.61,1703961,0,0,,,0,missed,16344047,267300
RP-69-0-0,LN-69-0,SYN-10069,2,2026-08-20,11138.04,1113804,11138.04,1113804,2026-08-23,TX-102588,3,late,30072429,494995
RP-69-1-0,LN-69-0,SYN-10069,3,2026-09-20,11138.04,1113804,11138.04,1113804,2026-09-20,TX-102604,0,on_time,29453620,484809
RP-69-2-0,LN-69-0,SYN-10069,4,2026-10-20,11138.04,1113804,11138.04,1113804,2026-10-20,TX-102615,0,on_time,28824625,474456
RP-71-0-0,LN-71-0,SYN-10071,2,2026-08-26,9314.31,931431,9314.31,931431,2026-08-29,TX-102664,3,late,26468153,354411
RP-71-0-1,LN-71-1,SYN-10071,2,2026-08-26,5989.22,598922,5989.22,598922,2026-08-29,TX-102665,3,late,17744759,194018
RP-71-1-0,LN-71-0,SYN-10071,3,2026-09-26,9314.31,931431,9314.31,931431,2026-09-29,TX-102682,3,late,25891133,346684
RP-71-1-1,LN-71-1,SYN-10071,3,2026-09-26,5989.22,598922,5989.22,598922,2026-09-29,TX-102683,3,late,17339855,189591
RP-71-2-0,LN-71-0,SYN-10071,4,2026-10-26,9314.31,931431,9314.31,931431,2026-10-29,TX-102693,3,late,25306386,338855
RP-71-2-1,LN-71-1,SYN-10071,4,2026-10-26,5989.22,598922,5989.22,598922,2026-10-29,TX-102694,3,late,16930524,185116
RP-72-0-0,LN-72-0,SYN-10072,2,2026-08-24,26582.35,2658235,26582.35,2658235,2026-09-02,TX-102706;TX-102709,9,late,29289895,391830
RP-72-1-0,LN-72-0,SYN-10072,3,2026-09-24,26582.35,2658235,26582.35,2658235,2026-10-03,TX-102723,9,late,27023490,361511
RP-72-2-0,LN-72-0,SYN-10072,4,2026-10-24,26582.35,2658235,26582.35,2658235,2026-11-02,TX-102733,9,late,24726766,330786
RP-73-0-0,LN-73-0,SYN-10073,2,2026-08-20,46533.72,4653372,46533.72,4653372,2026-08-29,TX-102742;TX-102748,9,late,51731941,618602
RP-73-1-0,LN-73-0,SYN-10073,3,2026-09-20,46533.72,4653372,46533.72,4653372,2026-09-29,TX-102756;TX-102760;TX-102764,9,late,47697171,570355
RP-73-2-0,LN-73-0,SYN-10073,4,2026-10-20,46533.72,4653372,46533.72,4653372,2026-10-29,TX-102776,9,late,43614154,521531
RP-74-0-0,LN-74-0,SYN-10074,2,2026-08-21,12723.97,1272397,12723.97,1272397,2026-08-21,TX-102787,0,on_time,35788785,501025
RP-74-1-0,LN-74-0,SYN-10074,3,2026-09-21,12723.97,1272397,12723.97,1272397,2026-10-03,TX-102804,12,late,35017413,490226
RP-74-2-0,LN-74-0,SYN-10074,4,2026-10-21,12723.97,1272397,12723.97,1272397,2026-11-02,TX-102811;TX-102816,12,late,34235242,479276
RP-75-0-0,LN-75-0,SYN-10075,2,2026-08-22,7499.89,749989,7499.89,749989,2026-09-03,TX-102827;TX-102828;TX-102833,12,late,8184129,122182
RP-75-1-0,LN-75-0,SYN-10075,3,2026-09-22,7499.89,749989,7499.89,749989,2026-10-04,TX-102847,12,late,7556322,112809
RP-75-2-0,LN-75-0,SYN-10075,4,2026-10-22,7499.89,749989,7499.89,749989,2026-11-03,TX-102858,12,late,6919142,103296
RP-76-0-0,LN-76-0,SYN-10076,2,2026-08-28,6481.67,648167,6481.67,648167,2026-08-28,TX-102869,0,on_time,13094440,186803
RP-76-1-0,LN-76-0,SYN-10076,3,2026-09-28,6481.67,648167,6481.67,648167,2026-10-04,TX-102884,6,late,12633076,180221
RP-76-2-0,LN-76-0,SYN-10076,4,2026-10-28,6481.67,648167,6481.67,648167,2026-11-03,TX-102892;TX-102893;TX-102896,6,late,12165130,173546
RP-77-0-0,LN-77-0,SYN-10077,2,2026-08-26,25855.95,2585595,25855.95,2585595,2026-08-29,TX-102908,3,late,73961868,961332
RP-77-1-0,LN-77-0,SYN-10077,3,2026-09-26,25855.95,2585595,25855.95,2585595,2026-09-29,TX-102922,3,late,72337605,940220
RP-77-2-0,LN-77-0,SYN-10077,4,2026-10-26,25855.95,2585595,25855.95,2585595,2026-10-29,TX-102932;TX-102934,3,late,70692230,918834
RP-78-0-0,LN-78-0,SYN-10078,2,2026-08-25,70181.4,7018140,70181.4,7018140,2026-08-28,TX-102947,3,late,77262847,1044278
RP-78-1-0,LN-78-0,SYN-10078,3,2026-09-25,70181.4,7018140,63483.91,6348391,2026-10-31,TX-102959;TX-102960;TX-102971;TX-102973,36,partial,71288985,963536
RP-78-2-0,LN-78-0,SYN-10078,4,2026-10-25,70181.4,7018140,7939.79,793979,2026-10-28,TX-102972,3,partial,70066293,947010
RP-79-0-0,LN-79-0,SYN-10079,2,2026-08-25,33629.28,3362928,33629.28,3362928,2026-08-25,TX-102983,0,on_time,70991924,747486
RP-79-1-0,LN-79-0,SYN-10079,3,2026-09-25,33629.28,3362928,33629.28,3362928,2026-10-01,TX-102997,6,late,68376482,719947
RP-79-2-0,LN-79-0,SYN-10079,4,2026-10-25,33629.28,3362928,26501.26,2650126,2026-11-03,TX-103011,9,partial,65733501,692119
RP-81-0-0,LN-81-0,SYN-10081,2,2026-08-23,21515.27,2151527,21515.27,2151527,2026-09-01,TX-103052;TX-103056,9,late,44542601,542395
RP-81-0-1,LN-81-1,SYN-10081,2,2026-08-23,16475.47,1647547,16475.47,1647547,2026-09-01,TX-103057,9,late,35379585,321766
RP-81-1-0,LN-81-0,SYN-10081,3,2026-09-23,21515.27,2151527,21515.27,2151527,2026-09-23,TX-103068,0,on_time,42933469,522801
RP-81-1-1,LN-81-1,SYN-10081,3,2026-09-23,16475.47,1647547,16475.47,1647547,2026-10-02,TX-103072,9,late,34053804,309708
RP-81-2-0,LN-81-0,SYN-10081,4,2026-10-23,21515.27,2151527,21515.27,2151527,2026-10-23,TX-103079,0,on_time,41304743,502968
RP-81-2-1,LN-81-1,SYN-10081,4,2026-10-23,16475.47,1647547,16475.47,1647547,2026-11-01,TX-103080;TX-103084,9,late,32715965,297541
RP-82-0-0,LN-82-0,SYN-10082,2,2026-08-22,17899.52,1789952,17899.52,1789952,2026-08-25,TX-103094,3,late,35230189,581850
RP-82-1-0,LN-82-0,SYN-10082,3,2026-09-22,17899.52,1789952,17899.52,1789952,2026-09-22,TX-103107,0,on_time,34022087,561897
RP-82-2-0,LN-82-0,SYN-10082,4,2026-10-22,17899.52,1789952,17899.52,1789952,2026-10-22,TX-103116,0,on_time,32794032,541615
RP-83-0-0,LN-83-0,SYN-10083,2,2026-08-24,15181.1,1518110,15181.1,1518110,2026-08-24,TX-103131,0,on_time,42402979,611292
RP-83-1-0,LN-83-0,SYN-10083,3,2026-09-24,15181.1,1518110,15181.1,1518110,2026-10-03,TX-103144;TX-103150,9,late,41496161,598219
RP-83-2-0,LN-83-0,SYN-10083,4,2026-10-24,15181.1,1518110,15181.1,1518110,2026-11-02,TX-103158;TX-103161,9,late,40576270,584958
RP-84-0-0,LN-84-0,SYN-10084,2,2026-08-22,12889.87,1288987,12889.87,1288987,2026-08-22,TX-103171,0,on_time,35022539,563084
RP-84-1-0,LN-84-0,SYN-10084,3,2026-09-22,12889.87,1288987,12889.87,1288987,2026-09-22,TX-103183,0,on_time,34296636,551413
RP-84-2-0,LN-84-0,SYN-10084,4,2026-10-22,12889.87,1288987,12889.87,1288987,2026-10-22,TX-103193,0,on_time,33559062,539554
RP-85-0-0,LN-85-0,SYN-10085,2,2026-08-23,31457.35,3145735,31457.35,3145735,2026-09-01,TX-103211,9,late,66375404,701533
RP-85-1-0,LN-85-0,SYN-10085,3,2026-09-23,31457.35,3145735,31457.35,3145735,2026-10-02,TX-103225,9,late,63931202,675700
RP-85-2-0,LN-85-0,SYN-10085,4,2026-10-23,31457.35,3145735,31457.35,3145735,2026-11-01,TX-103232;TX-103235,9,late,61461167,649593
RP-86-0-0,LN-86-0,SYN-10086,2,2026-08-20,10280.7,1028070,10280.7,1028070,2026-08-20,TX-103243,0,on_time,30814606,316132
RP-86-1-0,LN-86-0,SYN-10086,3,2026-09-20,10280.7,1028070,10280.7,1028070,2026-09-20,TX-103253,0,on_time,30102668,308828
RP-86-2-0,LN-86-0,SYN-10086,4,2026-10-20,10280.7,1028070,10280.7,1028070,2026-10-20,TX-103262,0,on_time,29383426,301449
RP-87-0-0,LN-87-0,SYN-10087,2,2026-08-21,7235.92,723592,7235.92,723592,2026-08-21,TX-103277,0,on_time,22324981,191762
RP-87-1-0,LN-87-0,SYN-10087,3,2026-09-21,7235.92,723592,7235.92,723592,2026-09-21,TX-103289,0,on_time,21793151,187194
RP-87-2-0,LN-87-0,SYN-10087,4,2026-10-21,7235.92,723592,7235.92,723592,2026-10-21,TX-103298,0,on_time,21256753,182587
RP-88-0-0,LN-88-0,SYN-10088,2,2026-08-24,33813.25,3381325,33813.25,3381325,2026-08-24,TX-103311,0,on_time,69528689,886827
RP-88-1-0,LN-88-0,SYN-10088,3,2026-09-24,33813.25,3381325,33813.25,3381325,2026-09-24,TX-103324,0,on_time,67034191,855010
RP-88-2-0,LN-88-0,SYN-10088,4,2026-10-24,33813.25,3381325,33813.25,3381325,2026-10-24,TX-103334,0,on_time,64507876,822787
RP-89-0-0,LN-89-0,SYN-10089,2,2026-08-22,31125.63,3112563,31125.63,3112563,2026-08-22,TX-103345,0,on_time,64513743,779208
RP-89-1-0,LN-89-0,SYN-10089,3,2026-09-22,31125.63,3112563,31125.63,3112563,2026-09-22,TX-103354,0,on_time,62180388,751025
RP-89-2-0,LN-89-0,SYN-10089,4,2026-10-22,31125.63,3112563,31125.63,3112563,2026-10-22,TX-103363,0,on_time,59818850,722502
RP-91-0-0,LN-91-0,SYN-10091,2,2026-08-24,18296.7,1829670,18296.7,1829670,2026-08-30,TX-103416,6,late,20755212,181835
RP-91-0-1,LN-91-1,SYN-10091,2,2026-08-24,9615.88,961588,9615.88,961588,2026-08-30,TX-103417,6,late,26848356,387661
RP-91-1-0,LN-91-0,SYN-10091,3,2026-09-24,18296.7,1829670,18296.7,1829670,2026-10-30,TX-103433,36,late,19107377,167398
RP-91-1-1,LN-91-1,SYN-10091,3,2026-09-24,9615.88,961588,2676.8,267680,2026-10-30,TX-103434,36,partial,26274429,379374
RP-91-2-0,LN-91-0,SYN-10091,4,2026-10-24,18296.7,1829670,1089.13,108913,2026-10-30,TX-103435,6,partial,19107377,167398
RP-91-2-1,LN-91-1,SYN-10091,4,2026-10-24,9615.88,961588,0,0,,,0,missed,26274429,379374
RP-92-0-0,LN-92-0,SYN-10092,2,2026-08-28,21219.31,2121931,21219.31,2121931,2026-08-28,TX-103446,0,on_time,45332826,431803
RP-92-1-0,LN-92-0,SYN-10092,3,2026-09-28,21219.31,2121931,21219.31,2121931,2026-09-28,TX-103461,0,on_time,43642698,415704
RP-92-2-0,LN-92-0,SYN-10092,4,2026-10-28,21219.31,2121931,21219.31,2121931,2026-11-03,TX-103473,6,late,41936471,399452
RP-93-0-0,LN-93-0,SYN-10093,2,2026-08-21,35801.8,3580180,35801.8,3580180,2026-08-24,TX-103481,3,late,40171120,421331
RP-93-1-0,LN-93-0,SYN-10093,3,2026-09-21,35801.8,3580180,35801.8,3580180,2026-09-21,TX-103494,0,on_time,37012271,388200
RP-93-2-0,LN-93-0,SYN-10093,4,2026-10-21,35801.8,3580180,35801.8,3580180,2026-10-21,TX-103503,0,on_time,33820291,354721
RP-94-0-0,LN-94-0,SYN-10094,2,2026-08-21,23551.93,2355193,23551.93,2355193,2026-08-21,TX-103516,0,on_time,70841223,712338
RP-94-1-0,LN-94-0,SYN-10094,3,2026-09-21,23551.93,2355193,23551.93,2355193,2026-09-21,TX-103531,0,on_time,69198368,695818
RP-94-2-0,LN-94-0,SYN-10094,4,2026-10-21,23551.93,2355193,23551.93,2355193,2026-10-21,TX-103540,0,on_time,67538993,679133
RP-95-0-0,LN-95-0,SYN-10095,2,2026-08-27,74266.04,7426604,74266.04,7426604,2026-08-30,TX-103555;TX-103557,3,late,82309924,1024368
RP-95-1-0,LN-95-0,SYN-10095,3,2026-09-27,74266.04,7426604,74266.04,7426604,2026-09-30,TX-103571,3,late,75907688,944690
RP-95-2-0,LN-95-0,SYN-10095,4,2026-10-27,74266.04,7426604,74266.04,7426604,2026-10-30,TX-103584,3,late,69425774,864021
RP-96-0-0,LN-96-0,SYN-10096,2,2026-08-21,4032.96,403296,4032.96,403296,2026-08-21,TX-103595,0,on_time,8095691,119926
RP-96-1-0,LN-96-0,SYN-10096,3,2026-09-21,4032.96,403296,4032.96,403296,2026-09-21,TX-103608,0,on_time,7812321,115728
RP-96-2-0,LN-96-0,SYN-10096,4,2026-10-21,4032.96,403296,4032.96,403296,2026-10-21,TX-103618,0,on_time,7524753,111469
RP-97-0-0,LN-97-0,SYN-10097,2,2026-08-23,13031.87,1303187,13031.87,1303187,2026-08-23,TX-103631,0,on_time,26198366,384786
RP-97-1-0,LN-97-0,SYN-10097,3,2026-09-23,13031.87,1303187,13031.87,1303187,2026-09-23,TX-103644,0,on_time,25279965,371297
RP-97-2-0,LN-97-0,SYN-10097,4,2026-10-23,13031.87,1303187,13031.87,1303187,2026-10-23,TX-103655,0,on_time,24348075,357610
RP-98-0-0,LN-98-0,SYN-10098,2,2026-08-23,27329.66,2732966,27329.66,2732966,2026-08-23,TX-103671,0,on_time,56771770,675012
RP-98-1-0,LN-98-0,SYN-10098,3,2026-09-23,27329.66,2732966,27329.66,2732966,2026-10-02,TX-103688,9,late,54713816,650543
RP-98-2-0,LN-98-0,SYN-10098,4,2026-10-23,27329.66,2732966,27329.66,2732966,2026-11-01,TX-103701,9,late,52631393,625783
RP-99-0-0,LN-99-0,SYN-10099,2,2026-08-21,15822.9,1582290,15822.9,1582290,2026-08-21,TX-103712,0,on_time,17825157,175661
RP-99-1-0,LN-99-0,SYN-10099,3,2026-09-21,15822.9,1582290,15822.9,1582290,2026-09-21,TX-103724,0,on_time,16418528,161799
RP-99-2-0,LN-99-0,SYN-10099,4,2026-10-21,15822.9,1582290,15822.9,1582290,2026-11-05,TX-103733;TX-103739,15,late,14998037,147801
RP-101-0-0,LN-101-0,SYN-10101,2,2026-08-22,15940.49,1594049,15940.49,1594049,2026-08-25,TX-103780,3,late,17363175,264286
RP-101-0-1,LN-101-1,SYN-10101,2,2026-08-22,10976.39,1097639,10976.39,1097639,2026-08-22,TX-103778,0,on_time,32137905,373641
RP-101-1-0,LN-101-0,SYN-10101,3,2026-09-22,15940.49,1594049,15940.49,1594049,2026-11-03,TX-103790;TX-103798;TX-103799;TX-103811,42,late,16033412,244046
RP-101-1-1,LN-101-1,SYN-10101,3,2026-09-22,10976.39,1097639,10976.39,1097639,2026-10-01,TX-103795,9,late,31413907,365223
RP-101-2-0,LN-101-0,SYN-10101,4,2026-10-22,15940.49,1594049,15940.49,1594049,2026-11-03,TX-103812,12,late,14685647,223531
RP-101-2-1,LN-101-1,SYN-10101,4,2026-10-22,10976.39,1097639,10976.39,1097639,2026-11-03,TX-103813,12,late,30681491,356708
RP-102-0-0,LN-102-0,SYN-10102,2,2026-08-26,22458.61,2245861,22458.61,2245861,2026-08-26,TX-103822,0,on_time,24728560,333619
RP-102-1-0,LN-102-0,SYN-10102,3,2026-09-26,22458.61,2245861,12884.54,1288454,2026-10-29,TX-103839;TX-103840;TX-103852,33,partial,22816318,307821
RP-102-2-0,LN-102-0,SYN-10102,4,2026-10-26,22458.61,2245861,2690.79,269079,2026-10-29,TX-103853,3,partial,22590143,304769
RP-103-0-0,LN-103-0,SYN-10103,2,2026-08-23,29024.49,2902449,29024.49,2902449,2026-08-23,TX-103863,0,on_time,60721550,685511
RP-103-1-0,LN-103-0,SYN-10103,3,2026-09-23,29024.49,2902449,29024.49,2902449,2026-09-23,TX-103872,0,on_time,58504612,660483
RP-103-2-0,LN-103-0,SYN-10103,4,2026-10-23,29024.49,2902449,29024.49,2902449,2026-10-29,TX-103884,6,late,56262646,635172
RP-104-0-0,LN-104-0,SYN-10104,2,2026-08-20,50374.45,5037445,50374.45,5037445,2026-08-20,TX-103892,0,on_time,57098983,507215
RP-104-1-0,LN-104-0,SYN-10104,3,2026-09-20,50374.45,5037445,18464.83,1846483,2026-11-01,TX-103904;TX-103922;TX-103924,42,partial,52568753,466973
RP-104-2-0,LN-104-0,SYN-10104,4,2026-10-20,50374.45,5037445,8896.22,889622,2026-10-29,TX-103923,9,partial,51925647,461260
RP-105-0-0,LN-105-0,SYN-10105,2,2026-08-22,38046.86,3804686,38046.86,3804686,2026-08-22,TX-103937,0,on_time,42554518,467812
RP-105-1-0,LN-105-0,SYN-10105,3,2026-09-22,38046.86,3804686,38046.86,3804686,2026-10-01,TX-103955;TX-103960,9,late,39217644,431129
RP-105-2-0,LN-105-0,SYN-10105,4,2026-10-22,38046.86,3804686,38046.86,3804686,2026-11-03,TX-103968;TX-103973,12,late,35844087,394043
RP-106-0-0,LN-106-0,SYN-10106,2,2026-08-24,9162.58,916258,9162.58,916258,2026-08-24,TX-103984,0,on_time,28288363,241891
RP-106-1-0,LN-106-0,SYN-10106,3,2026-09-24,9162.58,916258,9162.58,916258,2026-09-24,TX-103999,0,on_time,27613996,236125
RP-106-2-0,LN-106-0,SYN-10106,4,2026-10-24,9162.58,916258,9162.58,916258,2026-10-24,TX-104010,0,on_time,26933863,230309
RP-107-0-0,LN-107-0,SYN-10107,2,2026-08-25,13967.71,1396771,13967.71,1396771,2026-08-25,TX-104025,0,on_time,15635770,169790
RP-107-1-0,LN-107-0,SYN-10107,3,2026-09-25,13967.71,1396771,13967.71,1396771,2026-09-25,TX-104038,0,on_time,14408789,156466
RP-107-2-0,LN-107-0,SYN-10107,4,2026-10-25,13967.71,1396771,13967.71,1396771,2026-11-03,TX-104054,9,late,13168484,142998
RP-108-0-0,LN-108-0,SYN-10108,2,2026-08-28,34083.61,3408361,34083.61,3408361,2026-08-28,TX-104064,0,on_time,37182166,556859
RP-108-1-0,LN-108-0,SYN-10108,3,2026-09-28,34083.61,3408361,34083.61,3408361,2026-09-28,TX-104076,0,on_time,34330664,514153
RP-108-2-0,LN-108-0,SYN-10108,4,2026-10-28,34083.61,3408361,34083.61,3408361,2026-10-28,TX-104085,0,on_time,31436456,470808
RP-109-0-0,LN-109-0,SYN-10109,2,2026-08-21,44996.41,4499641,44996.41,4499641,2026-08-21,TX-104097,0,on_time,50119193,583985
RP-109-1-0,LN-109-0,SYN-10109,3,2026-09-21,44996.41,4499641,44996.41,4499641,2026-09-21,TX-104110,0,on_time,46203537,538360
RP-109-2-0,LN-109-0,SYN-10109,4,2026-10-21,44996.41,4499641,44996.41,4499641,2026-10-21,TX-104120,0,on_time,42242256,492203
RP-111-0-0,LN-111-0,SYN-10111,2,2026-08-26,10564.29,1056429,10564.29,1056429,2026-08-26,TX-104167,0,on_time,21755894,274681
RP-111-0-1,LN-111-1,SYN-10111,2,2026-08-26,21441.0,2144100,21441.0,2144100,2026-08-26,TX-104168,0,on_time,43542225,601699
RP-111-1-0,LN-111-0,SYN-10111,3,2026-09-26,10564.29,1056429,10564.29,1056429,2026-09-26,TX-104182,0,on_time,20974146,264811
RP-111-1-1,LN-111-1,SYN-10111,3,2026-09-26,21441.0,2144100,21441.0,2144100,2026-09-29,TX-104183;TX-104185,3,late,41999824,580385
RP-111-2-0,LN-111-0,SYN-10111,4,2026-10-26,10564.29,1056429,10564.29,1056429,2026-10-29,TX-104193;TX-104196,3,late,20182528,254816
RP-111-2-1,LN-111-1,SYN-10111,4,2026-10-26,21441.0,2144100,21441.0,2144100,2026-10-29,TX-104194;TX-104197,3,late,40436109,558776
RP-112-0-0,LN-112-0,SYN-10112,2,2026-08-21,81262.11,8126211,81262.11,8126211,2026-08-21,TX-104208,0,on_time,91520826,905759
RP-112-1-0,LN-112-0,SYN-10112,3,2026-09-21,81262.11,8126211,81262.11,8126211,2026-10-03,TX-104224,12,late,84300374,834300
RP-112-2-0,LN-112-0,SYN-10112,4,2026-10-21,81262.11,8126211,81262.11,8126211,2026-11-02,TX-104233,12,late,77008463,762134
RP-113-0-0,LN-113-0,SYN-10113,2,2026-08-21,7850.46,785046,7850.46,785046,2026-08-21,TX-104242,0,on_time,23506531,242542
RP-113-1-0,LN-113-0,SYN-10113,3,2026-09-21,7850.46,785046,7850.46,785046,2026-09-21,TX-104251,0,on_time,22964027,236945
RP-113-2-0,LN-113-0,SYN-10113,4,2026-10-21,7850.46,785046,7850.46,785046,2026-10-21,TX-104260,0,on_time,22415926,231289
RP-114-0-0,LN-114-0,SYN-10114,2,2026-08-26,10865.15,1086515,10865.15,1086515,2026-08-26,TX-104274,0,on_time,12093238,142324
RP-114-1-0,LN-114-0,SYN-10114,3,2026-09-26,10865.15,1086515,10865.15,1086515,2026-10-05,TX-104285;TX-104289,9,late,11149047,131212
RP-114-2-0,LN-114-0,SYN-10114,4,2026-10-26,10865.15,1086515,0,0,,,0,missed,10193744,119969
RP-115-0-0,LN-115-0,SYN-10115,2,2026-08-26,23085.65,2308565,23085.65,2308565,2026-08-26,TX-104307,0,on_time,63747957,962732
RP-115-1-0,LN-115-0,SYN-10115,3,2026-09-26,23085.65,2308565,23085.65,2308565,2026-09-26,TX-104318,0,on_time,62402124,942407
RP-115-2-0,LN-115-0,SYN-10115,4,2026-10-26,23085.65,2308565,23085.65,2308565,2026-11-01,TX-104328,6,late,61035966,921775
RP-116-0-0,LN-116-0,SYN-10116,2,2026-08-23,33202.71,3320271,33202.71,3320271,2026-08-23,TX-104338,0,on_time,65678555,1056199
RP-116-1-0,LN-116-0,SYN-10116,3,2026-09-23,33202.71,3320271,26321.35,2632135,2026-10-08,TX-104354;TX-104355,15,partial,63414483,1019789
RP-116-2-0,LN-116-0,SYN-10116,4,2026-10-23,33202.71,3320271,0,0,,,0,missed,61802137,993861
RP-117-0-0,LN-117-0,SYN-10117,2,2026-08-27,20731.96,2073196,20731.96,2073196,2026-08-27,TX-104378,0,on_time,22406770,369189
RP-117-1-0,LN-117-0,SYN-10117,3,2026-09-27,20731.96,2073196,20731.96,2073196,2026-09-27,TX-104395,0,on_time,20702763,341113
RP-117-2-0,LN-117-0,SYN-10117,4,2026-10-27,20731.96,2073196,20731.96,2073196,2026-10-27,TX-104406,0,on_time,18970680,312574
RP-118-0-0,LN-118-0,SYN-10118,2,2026-08-23,6778.12,677812,6778.12,677812,2026-08-23,TX-104419,0,on_time,19421371,250518
RP-118-1-0,LN-118-0,SYN-10118,3,2026-09-23,6778.12,677812,6778.12,677812,2026-09-23,TX-104433,0,on_time,18994077,245006
RP-118-2-0,LN-118-0,SYN-10118,4,2026-10-23,6778.12,677812,6778.12,677812,2026-10-23,TX-104443,0,on_time,18561271,239423
RP-119-0-0,LN-119-0,SYN-10119,2,2026-08-26,30135.38,3013538,30135.38,3013538,2026-08-29,TX-104456;TX-104459,3,late,61312208,837535
RP-119-1-0,LN-119-0,SYN-10119,3,2026-09-26,30135.38,3013538,30135.38,3013538,2026-09-29,TX-104474,3,late,59136205,807810
RP-119-2-0,LN-119-0,SYN-10119,4,2026-10-26,30135.38,3013538,30135.38,3013538,2026-10-29,TX-104483;TX-104486,3,late,56930477,777680
RP-121-0-0,LN-121-0,SYN-10121,2,2026-08-28,17617.27,1761727,17617.27,1761727,2026-08-28,TX-104527,0,on_time,53932154,487434
RP-121-0-1,LN-121-1,SYN-10121,2,2026-08-28,11721.13,1172113,11721.13,1172113,2026-08-28,TX-104528,0,on_time,36002783,318442
RP-121-1-0,LN-121-0,SYN-10121,3,2026-09-28,17617.27,1761727,17617.27,1761727,2026-09-28,TX-104542,0,on_time,52657861,475917
RP-121-1-1,LN-121-1,SYN-10121,3,2026-09-28,11721.13,1172113,11721.13,1172113,2026-09-28,TX-104543,0,on_time,35149112,310891
RP-121-2-0,LN-121-0,SYN-10121,4,2026-10-28,17617.27,1761727,17617.27,1761727,2026-10-28,TX-104554,0,on_time,51372051,464296
RP-121-2-1,LN-121-1,SYN-10121,4,2026-10-28,11721.13,1172113,11721.13,1172113,2026-10-28,TX-104555,0,on_time,34287890,303274
RP-122-0-0,LN-122-0,SYN-10122,2,2026-08-23,3345.33,334533,3345.33,334533,2026-08-26,TX-104569,3,late,6820768,91933
RP-122-1-0,LN-122-0,SYN-10122,3,2026-09-23,3345.33,334533,3345.33,334533,2026-09-29,TX-104582,6,late,6578168,88663
RP-122-2-0,LN-122-0,SYN-10122,4,2026-10-23,3345.33,334533,3345.33,334533,2026-10-29,TX-104592,6,late,6332298,85349
RP-123-0-0,LN-123-0,SYN-10123,2,2026-08-21,15662.29,1566229,15662.29,1566229,2026-08-30,TX-104607,9,late,43992906,619482
RP-123-1-0,LN-123-0,SYN-10123,3,2026-09-21,15662.29,1566229,15662.29,1566229,2026-09-30,TX-104623,9,late,43046159,606151
RP-123-2-0,LN-123-0,SYN-10123,4,2026-10-21,15662.29,1566229,15662.29,1566229,2026-10-21,TX-104631,0,on_time,42086081,592632
RP-124-0-0,LN-124-0,SYN-10124,2,2026-08-22,40099.16,4009916,40099.16,4009916,2026-08-22,TX-104647,0,on_time,45389843,413010
RP-124-1-0,LN-124-0,SYN-10124,3,2026-09-22,40099.16,4009916,40099.16,4009916,2026-10-01,TX-104663,9,late,41792937,380281
RP-124-2-0,LN-124-0,SYN-10124,4,2026-10-22,40099.16,4009916,15818.59,1581859,2026-11-03,TX-104677,12,partial,38163302,347254
RP-125-0-0,LN-125-0,SYN-10125,2,2026-08-26,23832.56,2383256,23832.56,2383256,2026-08-26,TX-104688,0,on_time,50683607,502199
RP-125-1-0,LN-125-0,SYN-10125,3,2026-09-26,23832.56,2383256,23832.56,2383256,2026-09-26,TX-104699,0,on_time,48802550,483560
RP-125-2-0,LN-125-0,SYN-10125,4,2026-10-26,23832.56,2383256,23832.56,2383256,2026-10-26,TX-104710,0,on_time,46902854,464737
RP-126-0-0,LN-126-0,SYN-10126,2,2026-08-23,15443.85,1544385,15443.85,1544385,2026-08-23,TX-104723,0,on_time,42861600,634337
RP-126-1-0,LN-126-0,SYN-10126,3,2026-09-23,15443.85,1544385,15443.85,1544385,2026-11-01,TX-104742;TX-104752,39,late,41951552,620869
RP-126-2-0,LN-126-0,SYN-10126,4,2026-10-23,15443.85,1544385,15443.85,1544385,2026-11-01,TX-104753,9,late,41847769,619333
RP-127-0-0,LN-127-0,SYN-10127,2,2026-08-27,23204.39,2320439,23204.39,2320439,2026-08-30,TX-104766,3,late,70565980,664779
RP-127-1-0,LN-127-0,SYN-10127,3,2026-09-27,23204.39,2320439,7216.44,721644,2026-11-02,TX-104776;TX-104793,36,partial,68910320,649181
RP-127-2-0,LN-127-0,SYN-10127,4,2026-10-27,23204.39,2320439,23204.39,2320439,2026-10-30,TX-104791,3,late,68910320,649181
