loan_id,customer_id,principal,interest_rate_pct,tenure_months,monthly_emi,monthly_emi_paise,due_day_of_month,loan_start_date,loan_status,outstanding_balance
LN-1-0,EXT-10001,222686.79,10.5156,12,19631.14,1963114,26,2026-07-01,Active,222686.79
LN-1-1,EXT-10001,362075.86,12.5644,36,12123.94,1212394,26,2026-07-01,Active,362075.86
LN-2-0,EXT-10002,215375.39,17.229,24,10672.36,1067236,23,2026-07-01,Active,215375.39
LN-3-0,EXT-10003,436232.82,17.8056,12,39953.48,3995348,26,2026-07-01,Active,436232.82
LN-4-0,EXT-10004,194359.44,16.1642,24,9531.7,953170,24,2026-07-01,Active,194359.44
LN-5-0,EXT-10005,105452.01,14.3488,24,5080.45,508045,22,2026-07-01,Active,105452.01
LN-6-0,EXT-10006,251216.69,14.1194,36,8600.56,860056,24,2026-07-01,Active,251216.69
LN-7-0,EXT-10007,661028.19,16.5293,12,60141.34,6014134,27,2026-07-01,Active,661028.19
LN-8-0,EXT-10008,618625.86,12.4333,36,20675.5,2067550,25,2026-07-01,Active,618625.86
LN-9-0,EXT-10009,250311.21,13.6331,24,11974.82,1197482,22,2026-07-01,Active,250311.21
LN-11-0,EXT-10011,362957.35,13.6899,36,12350.43,1235043,26,2026-07-01,Active,362957.35
LN-11-1,EXT-10011,357990.57,12.8765,24,16998.77,1699877,26,2026-07-01,Active,357990.57
LN-12-0,EXT-10012,546566.66,16.5766,12,49739.73,4973973,24,2026-07-01,Active,546566.66
LN-13-0,EXT-10013,493884.75,10.3321,24,22866.06,2286606,27,2026-07-01,Active,493884.75
LN-14-0,EXT-10014,248164.12,14.3638,12,22324.44,2232444,26,2026-07-01,Active,248164.12
LN-15-0,EXT-10015,306470.89,13.0505,12,27380.41,2738041,21,2026-07-01,Active,306470.89
LN-16-0,EXT-10016,450590.51,13.4134,12,40332.95,4033295,24,2026-07-01,Active,450590.51
LN-17-0,EXT-10017,231642.91,13.7798,24,11097.76,1109776,23,2026-07-01,Active,231642.91
LN-18-0,EXT-10018,54156.44,16.6815,36,1922.25,192225,24,2026-07-01,Active,54156.44
LN-19-0,EXT-10019,312725.91,19.0816,24,15776.48,1577648,27,2026-07-01,Active,312725.91
LN-21-0,EXT-10021,94574.27,17.6958,36,3404.67,340467,20,2026-07-01,Active,94574.27
LN-21-1,EXT-10021,132271.75,10.7403,24,6148.97,614897,20,2026-07-01,Active,132271.75
LN-22-0,EXT-10022,542325.09,15.1436,36,18838.03,1883803,28,2026-07-01,Active,542325.09
LN-23-0,EXT-10023,320769.31,13.252,36,10846.97,1084697,26,2026-07-01,Active,320769.31
LN-24-0,EXT-10024,877526.67,12.4855,24,41507.46,4150746,20,2026-07-01,Active,877526.67
LN-25-0,EXT-10025,641569.6,11.9146,36,21283.12,2128312,28,2026-07-01,Active,641569.6
LN-26-0,EXT-10026,487930.59,10.3214,24,22587.97,2258797,22,2026-07-01,Active,487930.59
LN-27-0,EXT-10027,478794.94,10.6353,12,42235.29,4223529,24,2026-07-01,Active,478794.94
LN-28-0,EXT-10028,245657.94,18.3905,12,22567.6,2256760,21,2026-07-01,Active,245657.94
LN-29-0,EXT-10029,236070.12,18.7702,36,8625.99,862599,28,2026-07-01,Active,236070.12
LN-31-0,EXT-10031,484605.45,12.4385,36,16197.52,1619752,22,2026-07-01,Active,484605.45
LN-31-1,EXT-10031,437358.95,14.5613,12,39384.8,3938480,22,2026-07-01,Active,437358.95
LN-32-0,EXT-10032,187763.97,18.3061,12,17241.56,1724156,24,2026-07-01,Active,187763.97
LN-33-0,EXT-10033,159280.25,10.4624,24,7384.02,738402,28,2026-07-01,Active,159280.25
LN-34-0,EXT-10034,205609.8,17.8428,12,18834.93,1883493,23,2026-07-01,Active,205609.8
LN-35-0,EXT-10035,761677.98,14.3212,12,68504.05,6850405,24,2026-07-01,Active,761677.98
LN-36-0,EXT-10036,195427.7,18.7347,12,17985.22,1798522,24,2026-07-01,Active,195427.7
LN-37-0,EXT-10037,808767.02,13.1382,12,72289.31,7228931,24,2026-07-01,Active,808767.02
LN-38-0,EXT-10038,263342.69,19.0579,36,9660.81,966081,27,2026-07-01,Active,263342.69
LN-39-0,EXT-10039,82297.45,15.5016,36,2873.12,287312,25,2026-07-01,Active,82297.45
LN-41-0,EXT-10041,166140.46,12.809,36,5582.66,558266,26,2026-07-01,Active,166140.46
LN-41-1,EXT-10041,319787.29,16.6393,36,11343.97,1134397,26,2026-07-01,Active,319787.29
LN-42-0,EXT-10042,140891.36,17.8696,12,12908.17,1290817,24,2026-07-01,Active,140891.36
LN-43-0,EXT-10043,724627.35,13.8998,36,24730.78,2473078,23,2026-07-01,Active,724627.35
LN-44-0,EXT-10044,362430.16,11.6223,24,16996.99,1699699,24,2026-07-01,Active,362430.16
LN-45-0,EXT-10045,725432.55,15.4595,12,65633.72,6563372,20,2026-07-01,Active,725432.55
LN-46-0,EXT-10046,477440.42,19.6707,12,44152.24,4415224,22,2026-07-01,Active,477440.42
LN-47-0,EXT-10047,347335.52,10.6315,36,11310.8,1131080,21,2026-07-01,Active,347335.52
LN-48-0,EXT-10048,647649.65,19.4389,36,23884.23,2388423,22,2026-07-01,Active,647649.65
LN-49-0,EXT-10049,750089.91,11.1939,36,24625.91,2462591,27,2026-07-01,Active,750089.91
LN-51-0,EXT-10051,276252.7,14.8164,36,9551.57,955157,27,2026-07-01,Active,276252.7
LN-51-1,EXT-10051,563598.11,19.1653,36,20706.39,2070639,27,2026-07-01,Active,563598.11
LN-52-0,EXT-10052,565467.76,17.9204,36,20420.44,2042044,26,2026-07-01,Active,565467.76
LN-53-0,EXT-10053,330889.68,15.4327,12,29933.14,2993314,25,2026-07-01,Active,330889.68
LN-54-0,EXT-10054,95149.66,10.8372,24,4427.53,442753,21,2026-07-01,Active,95149.66
LN-55-0,EXT-10055,142188.47,10.1642,36,4598.99,459899,20,2026-07-01,Active,142188.47
LN-56-0,EXT-10056,80164.77,10.6183,12,7070.83,707083,26,2026-07-01,Active,80164.77
LN-57-0,EXT-10057,158847.03,12.8926,36,5343.97,534397,21,2026-07-01,Active,158847.03
LN-58-0,EXT-10058,564240.21,13.267,36,19084.12,1908412,24,2026-07-01,Active,564240.21
LN-59-0,EXT-10059,369934.6,10.1972,36,11971.02,1197102,23,2026-07-01,Active,369934.6
LN-61-0,EXT-10061,197004.79,12.4233,24,9312.69,931269,21,2026-07-01,Active,197004.79
LN-61-1,EXT-10061,111423.47,14.6899,24,5386.15,538615,21,2026-07-01,Active,111423.47
LN-62-0,EXT-10062,321767.25,12.2605,36,10727.36,1072736,28,2026-07-01,Active,321767.25
LN-63-0,EXT-10063,856548.92,10.166,12,75370.4,7537040,21,2026-07-01,Active,856548.92
LN-64-0,EXT-10064,151070.52,11.422,24,7070.71,707071,21,2026-07-01,Active,151070.52
LN-65-0,EXT-10065,414537.8,18.7783,12,38158.54,3815854,20,2026-07-01,Active,414537.8
LN-66-0,EXT-10066,150326.13,10.8328,12,13274.35,1327435,23,2026-07-01,Active,150326.13
LN-67-0,EXT-10067,75252.32,14.6304,24,3635.53,363553,25,2026-07-01,Active,75252.32
LN-68-0,EXT-10068,300584.66,11.8617,36,9963.87,996387,20,2026-07-01,Active,300584.66
LN-69-0,EXT-10069,414565.08,10.5776,36,13489.55,1348955,24,2026-07-01,Active,414565.08
LN-71-0,EXT-10071,537209.07,17.1994,24,26612.32,2661232,24,2026-07-01,Active,537209.07
LN-71-1,EXT-10071,573621.69,14.4913,12,51636.53,5163653,24,2026-07-01,Active,573621.69
LN-72-0,EXT-10072,226456.57,11.8712,12,20106.74,2010674,24,2026-07-01,Active,226456.57
LN-73-0,EXT-10073,838177.05,18.0787,36,30335.22,3033522,23,2026-07-01,Active,838177.05
LN-74-0,EXT-10074,124632.68,13.3399,36,4219.8,421980,28,2026-07-01,Active,124632.68
LN-75-0,EXT-10075,359260.98,18.9639,36,13162.51,1316251,26,2026-07-01,Active,359260.98
LN-76-0,EXT-10076,314722.67,12.9026,36,10589.48,1058948,24,2026-07-01,Active,314722.67
LN-77-0,EXT-10077,495325.98,10.9318,12,43761.97,4376197,28,2026-07-01,Active,495325.98
LN-78-0,EXT-10078,190211.94,18.6263,12,17495.38,1749538,24,2026-07-01,Active,190211.94
LN-79-0,EXT-10079,114394.65,15.3359,36,3984.37,398437,22,2026-07-01,Active,114394.65
LN-81-0,EXT-10081,589284.69,14.5961,12,53075.59,5307559,23,2026-07-01,Active,589284.69
LN-81-1,EXT-10081,263388.58,17.9668,12,24143.3,2414330,23,2026-07-01,Active,263388.58
LN-82-0,EXT-10082,147307.37,19.3145,12,13597.47,1359747,28,2026-07-01,Active,147307.37
LN-83-0,EXT-10083,229232.23,10.904,12,20249.66,2024966,24,2026-07-01,Active,229232.23
LN-84-0,EXT-10084,320453.38,15.8463,12,29051.7,2905170,24,2026-07-01,Active,320453.38
LN-85-0,EXT-10085,344649.79,13.4261,12,30852.13,3085213,22,2026-07-01,Active,344649.79
LN-86-0,EXT-10086,332695.93,13.8385,36,11344.67,1134467,25,2026-07-01,Active,332695.93
LN-87-0,EXT-10087,657044.23,11.6135,12,58258.86,5825886,26,2026-07-01,Active,657044.23
LN-88-0,EXT-10088,603468.02,10.7746,24,28063.24,2806324,25,2026-07-01,Active,603468.02
LN-89-0,EXT-10089,561457.0,14.4984,12,50543.36,5054336,21,2026-07-01,Active,561457.0
LN-91-0,EXT-10091,439830.43,10.2107,12,38711.2,3871120,22,2026-07-01,Active,439830.43
LN-91-1,EXT-10091,234970.19,10.2551,24,10870.37,1087037,22,2026-07-01,Active,234970.19
LN-92-0,EXT-10092,824393.71,18.3396,12,75713.72,7571372,26,2026-07-01,Active,824393.71
LN-93-0,EXT-10093,336098.99,11.7517,24,15782.41,1578241,25,2026-07-01,Active,336098.99
LN-94-0,EXT-10094,365720.82,17.9819,24,18255.09,1825509,21,2026-07-01,Active,365720.82
LN-95-0,EXT-10095,346046.05,19.5143,24,17530.29,1753029,25,2026-07-01,Active,346046.05
LN-96-0,EXT-10096,216352.06,16.2833,36,7636.6,763660,28,2026-07-01,Active,216352.06
LN-97-0,EXT-10097,434241.18,17.5275,36,15596.13,1559613,22,2026-07-01,Active,434241.18
LN-98-0,EXT-10098,294268.18,12.0713,36,9783.93,978393,21,2026-07-01,Active,294268.18
LN-99-0,EXT-10099,140524.09,13.6996,36,4782.3,478230,23,2026-07-01,Active,140524.09
LN-101-0,EXT-10101,376346.98,16.1692,24,18457.56,1845756,25,2026-07-01,Active,376346.98
LN-101-1,EXT-10101,565548.9,15.159,24,27464.31,2746431,25,2026-07-01,Active,565548.9
LN-102-0,EXT-10102,799445.1,18.207,12,73371.91,7337191,26,2026-07-01,Active,799445.1
LN-103-0,EXT-10103,298055.31,12.2464,12,26516.22,2651622,26,2026-07-01,Active,298055.31
LN-104-0,EXT-10104,844244.18,16.7873,24,41655.11,4165511,21,2026-07-01,Active,844244.18
LN-105-0,EXT-10105,1011708.47,19.522,24,51255.8,5125580,25,2026-07-01,Active,1011708.47
LN-106-0,EXT-10106,741184.58,15.6292,36,25922.36,2592236,21,2026-07-01,Active,741184.58
LN-107-0,EXT-10107,214098.61,14.2196,36,7340.24,734024,21,2026-07-01,Active,214098.61
LN-108-0,EXT-10108,219868.76,10.4314,36,7139.16,713916,20,2026-07-01,Active,219868.76
LN-109-0,EXT-10109,575577.83,11.6777,24,27007.9,2700790,20,2026-07-01,Active,575577.83
LN-111-0,EXT-10111,565455.98,15.9911,24,27684.08,2768408,21,2026-07-01,Active,565455.98
LN-111-1,EXT-10111,594937.98,16.3537,12,54078.87,5407887,21,2026-07-01,Active,594937.98
LN-112-0,EXT-10112,299822.21,16.8312,12,27321.2,2732120,25,2026-07-01,Active,299822.21
LN-113-0,EXT-10113,500995.0,19.4154,36,18469.89,1846989,24,2026-07-01,Active,500995.0
LN-114-0,EXT-10114,227370.96,17.4894,24,11295.27,1129527,21,2026-07-01,Active,227370.96
LN-115-0,EXT-10115,483133.77,12.7892,24,22921.25,2292125,26,2026-07-01,Active,483133.77
LN-116-0,EXT-10116,330115.72,10.3816,24,15291.38,1529138,22,2026-07-01,Active,330115.72
LN-117-0,EXT-10117,679093.57,18.5004,24,34067.55,3406755,27,2026-07-01,Active,679093.57
LN-118-0,EXT-10118,177964.27,15.759,36,6235.54,623554,23,2026-07-01,Active,177964.27
LN-119-0,EXT-10119,387736.83,15.2617,12,35044.38,3504438,25,2026-07-01,Active,387736.83
LN-121-0,EXT-10121,497954.43,12.0765,24,23458.23,2345823,22,2026-07-01,Active,497954.43
LN-121-1,EXT-10121,735171.42,13.456,36,24932.6,2493260,22,2026-07-01,Active,735171.42
LN-122-0,EXT-10122,412150.48,15.2083,36,14329.42,1432942,24,2026-07-01,Active,412150.48
LN-123-0,EXT-10123,607675.38,19.2015,36,22336.91,2233691,26,2026-07-01,Active,607675.38
LN-124-0,EXT-10124,147571.37,18.3877,24,7395.04,739504,25,2026-07-01,Active,147571.37
LN-125-0,EXT-10125,488273.76,12.9848,36,16448.29,1644829,21,2026-07-01,Active,488273.76
LN-126-0,EXT-10126,185205.48,15.7745,36,6490.68,649068,27,2026-07-01,Active,185205.48
LN-127-0,EXT-10127,243642.2,13.6188,24,11654.14,1165414,23,2026-07-01,Active,243642.2
LN-128-0,EXT-10128,409675.22,19.9659,24,20843.92,2084392,27,2026-07-01,Active,409675.22
LN-129-0,EXT-10129,836963.85,14.1696,24,40252.15,4025215,25,2026-07-01,Active,836963.85
LN-131-0,EXT-10131,372718.83,19.0029,24,18788.76,1878876,21,2026-07-01,Active,372718.83
LN-131-1,EXT-10131,352246.77,17.0313,36,12564.05,1256405,21,2026-07-01,Active,352246.77
LN-132-0,EXT-10132,495300.78,16.289,24,24319.93,2431993,26,2026-07-01,Active,495300.78
LN-133-0,EXT-10133,140665.95,16.9839,12,12828.33,1282833,26,2026-07-01,Active,140665.95
LN-134-0,EXT-10134,813714.41,12.6484,36,27279.66,2727966,28,2026-07-01,Active,813714.41
LN-135-0,EXT-10135,990001.41,11.6214,24,46427.95,4642795,25,2026-07-01,Active,990001.41
LN-136-0,EXT-10136,295342.65,18.3705,12,27129.11,2712911,27,2026-07-01,Active,295342.65
LN-137-0,EXT-10137,261934.77,11.8222,12,23250.81,2325081,27,2026-07-01,Active,261934.77
LN-138-0,EXT-10138,144621.82,13.8347,36,4931.23,493123,28,2026-07-01,Active,144621.82
LN-139-0,EXT-10139,276433.64,13.9027,12,24807.52,2480752,21,2026-07-01,Active,276433.64
LN-141-0,EXT-10141,754040.27,14.6161,24,36423.52,3642352,22,2026-07-01,Active,754040.27
LN-141-1,EXT-10141,272092.23,17.9406,12,24937.73,2493773,22,2026-07-01,Active,272092.23
LN-142-0,EXT-10142,320128.1,14.6997,24,15476.3,1547630,21,2026-07-01,Active,320128.1
LN-143-0,EXT-10143,233959.51,15.2809,36,8142.5,814250,25,2026-07-01,Active,233959.51
LN-144-0,EXT-10144,554665.44,18.4805,36,20186.43,2018643,28,2026-07-01,Active,554665.44
LN-145-0,EXT-10145,126133.39,14.5969,12,11360.61,1136061,25,2026-07-01,Active,126133.39
LN-146-0,EXT-10146,403025.25,19.8687,12,37308.73,3730873,22,2026-07-01,Active,403025.25
LN-147-0,EXT-10147,704235.96,10.6934,24,32722.77,3272277,20,2026-07-01,Active,704235.96
LN-148-0,EXT-10148,487095.85,10.6829,24,22630.85,2263085,21,2026-07-01,Active,487095.85
LN-149-0,EXT-10149,465175.6,12.6708,24,22043.44,2204344,25,2026-07-01,Active,465175.6
LN-151-0,EXT-10151,438190.6,15.0025,36,15190.56,1519056,26,2026-07-01,Active,438190.6
LN-151-1,EXT-10151,762040.7,15.7183,24,37209.39,3720939,26,2026-07-01,Active,762040.7
LN-152-0,EXT-10152,263489.64,13.8047,12,23633.77,2363377,26,2026-07-01,Active,263489.64
LN-153-0,EXT-10153,587700.99,19.0899,36,21569.51,2156951,23,2026-07-01,Active,587700.99
LN-154-0,EXT-10154,473687.5,13.524,12,42425.03,4242503,23,2026-07-01,Active,473687.5
LN-155-0,EXT-10155,222291.09,19.0272,36,8151.36,815136,25,2026-07-01,Active,222291.09
LN-156-0,EXT-10156,170909.12,19.8368,36,6337.39,633739,26,2026-07-01,Active,170909.12
LN-157-0,EXT-10157,307507.25,13.9352,24,14754.9,1475490,23,2026-07-01,Active,307507.25
LN-158-0,EXT-10158,173579.88,14.812,12,15651.63,1565163,21,2026-07-01,Active,173579.88
LN-159-0,EXT-10159,67567.62,10.0329,12,5941.3,594130,27,2026-07-01,Active,67567.62
LN-161-0,EXT-10161,117787.43,11.0576,24,5492.97,549297,27,2026-07-01,Active,117787.43
LN-161-1,EXT-10161,142602.48,14.6074,36,4915.99,491599,27,2026-07-01,Active,142602.48
LN-162-0,EXT-10162,262201.7,18.3489,36,9525.18,952518,24,2026-07-01,Active,262201.7
LN-163-0,EXT-10163,68685.71,16.3834,36,2427.81,242781,25,2026-07-01,Active,68685.71
LN-164-0,EXT-10164,474113.76,19.5092,36,17501.42,1750142,21,2026-07-01,Active,474113.76
LN-165-0,EXT-10165,106805.87,13.7707,24,5116.5,511650,23,2026-07-01,Active,106805.87
LN-166-0,EXT-10166,668586.12,12.0574,24,31490.6,3149060,26,2026-07-01,Active,668586.12
LN-167-0,EXT-10167,227222.47,17.009,36,8102.12,810212,22,2026-07-01,Active,227222.47
LN-168-0,EXT-10168,450388.88,15.8984,36,15811.76,1581176,22,2026-07-01,Active,450388.88
LN-169-0,EXT-10169,761522.13,11.812,24,35780.68,3578068,24,2026-07-01,Active,761522.13
LN-171-0,EXT-10171,414974.8,14.2417,12,37306.6,3730660,28,2026-07-01,Active,414974.8
LN-171-1,EXT-10171,606885.74,18.9041,24,30563.99,3056399,28,2026-07-01,Active,606885.74
LN-172-0,EXT-10172,475679.18,15.7557,24,23235.24,2323524,22,2026-07-01,Active,475679.18
LN-173-0,EXT-10173,104263.96,11.2909,36,3427.85,342785,25,2026-07-01,Active,104263.96
LN-174-0,EXT-10174,295768.05,15.0384,36,10258.46,1025846,23,2026-07-01,Active,295768.05
LN-175-0,EXT-10175,169903.63,14.1046,12,15263.52,1526352,22,2026-07-01,Active,169903.63
LN-176-0,EXT-10176,332413.01,10.9536,12,29372.02,2937202,28,2026-07-01,Active,332413.01
LN-177-0,EXT-10177,824397.26,19.4006,24,41717.37,4171737,28,2026-07-01,Active,824397.26
LN-178-0,EXT-10178,546123.83,14.4917,12,49161.33,4916133,27,2026-07-01,Active,546123.83
LN-179-0,EXT-10179,931606.21,19.4588,36,34365.47,3436547,24,2026-07-01,Active,931606.21
LN-181-0,EXT-10181,277403.06,16.0431,36,9758.57,975857,26,2026-07-01,Active,277403.06
LN-181-1,EXT-10181,222992.33,18.9929,36,8173.21,817321,26,2026-07-01,Active,222992.33
LN-182-0,EXT-10182,522242.37,10.2831,12,45982.19,4598219,25,2026-07-01,Active,522242.37
LN-183-0,EXT-10183,182241.28,14.3115,12,16389.64,1638964,24,2026-07-01,Active,182241.28
LN-184-0,EXT-10184,404792.24,17.9615,36,14626.39,1462639,25,2026-07-01,Active,404792.24
LN-185-0,EXT-10185,574182.59,16.5147,12,52236.03,5223603,27,2026-07-01,Active,574182.59
LN-186-0,EXT-10186,291670.41,12.7382,12,26015.4,2601540,27,2026-07-01,Active,291670.41
LN-187-0,EXT-10187,844849.64,13.5087,12,75661.44,7566144,25,2026-07-01,Active,844849.64
LN-188-0,EXT-10188,195966.58,19.0876,12,18067.8,1806780,24,2026-07-01,Active,195966.58
LN-189-0,EXT-10189,332166.04,17.1699,12,30321.91,3032191,23,2026-07-01,Active,332166.04
LN-191-0,EXT-10191,687509.37,13.2656,24,32771.29,3277129,25,2026-07-01,Active,687509.37
LN-191-1,EXT-10191,536283.22,15.0072,36,18592.33,1859233,25,2026-07-01,Active,536283.22
LN-192-0,EXT-10192,321598.38,12.4766,12,28645.38,2864538,23,2026-07-01,Active,321598.38
LN-193-0,EXT-10193,520331.07,16.1857,24,25523.22,2552322,27,2026-07-01,Active,520331.07
LN-194-0,EXT-10194,670884.32,15.2984,24,32624.12,3262412,23,2026-07-01,Active,670884.32
LN-195-0,EXT-10195,308670.24,19.5803,24,15646.8,1564680,26,2026-07-01,Active,308670.24
LN-196-0,EXT-10196,877012.63,18.1762,12,80478.07,8047807,24,2026-07-01,Active,877012.63
LN-197-0,EXT-10197,172994.48,19.842,24,8791.35,879135,24,2026-07-01,Active,172994.48
LN-198-0,EXT-10198,383574.45,12.2484,12,34124.71,3412471,25,2026-07-01,Active,383574.45
LN-199-0,EXT-10199,147972.06,18.2311,12,13582.36,1358236,27,2026-07-01,Active,147972.06
LN-201-0,EXT-10201,299374.42,16.033,36,10530.0,1053000,23,2026-07-01,Active,299374.42
LN-201-1,EXT-10201,177197.49,16.7031,36,6291.42,629142,23,2026-07-01,Active,177197.49
LN-202-0,EXT-10202,389320.33,11.031,12,34414.41,3441441,22,2026-07-01,Active,389320.33
LN-203-0,EXT-10203,339535.36,15.9678,12,30801.16,3080116,27,2026-07-01,Active,339535.36
LN-204-0,EXT-10204,492071.1,14.1775,24,23667.04,2366704,26,2026-07-01,Active,492071.1
LN-205-0,EXT-10205,298975.24,18.346,36,10860.64,1086064,27,2026-07-01,Active,298975.24
LN-206-0,EXT-10206,739835.33,11.6288,36,24442.17,2444217,20,2026-07-01,Active,739835.33
LN-207-0,EXT-10207,605096.38,17.8859,36,21841.07,2184107,21,2026-07-01,Active,605096.38
LN-208-0,EXT-10208,237669.21,11.7566,36,7866.42,786642,21,2026-07-01,Active,237669.21
LN-209-0,EXT-10209,414956.49,13.0999,24,19747.27,1974727,23,2026-07-01,Active,414956.49
LN-211-0,EXT-10211,247385.13,11.9967,12,21979.48,2197948,24,2026-07-01,Active,247385.13
LN-211-1,EXT-10211,760365.18,12.7752,36,25537.45,2553745,24,2026-07-01,Active,760365.18
LN-212-0,EXT-10212,453049.9,13.097,24,21559.47,2155947,22,2026-07-01,Active,453049.9
LN-213-0,EXT-10213,345068.11,17.7053,12,31587.47,3158747,26,2026-07-01,Active,345068.11
LN-214-0,EXT-10214,548646.1,19.1207,24,27688.68,2768868,22,2026-07-01,Active,548646.1
LN-215-0,EXT-10215,368882.31,12.2186,24,17402.25,1740225,21,2026-07-01,Active,368882.31
LN-216-0,EXT-10216,495581.33,16.5413,24,24393.58,2439358,28,2026-07-01,Active,495581.33
LN-217-0,EXT-10217,165445.08,13.6239,12,14825.58,1482558,23,2026-07-01,Active,165445.08
LN-218-0,EXT-10218,289297.61,16.576,12,26327.14,2632714,26,2026-07-01,Active,289297.61
LN-219-0,EXT-10219,318777.91,19.7254,24,16181.72,1618172,24,2026-07-01,Active,318777.91
LN-221-0,EXT-10221,511068.01,10.2,24,23630.4,2363040,27,2026-07-01,Active,511068.01
LN-221-1,EXT-10221,512304.33,10.0125,24,23643.19,2364319,27,2026-07-01,Active,512304.33
LN-222-0,EXT-10222,76168.88,18.4386,24,3818.82,381882,22,2026-07-01,Active,76168.88
LN-223-0,EXT-10223,162153.7,13.5408,12,14524.3,1452430,20,2026-07-01,Active,162153.7
LN-224-0,EXT-10224,396237.75,16.2264,24,19443.93,1944393,27,2026-07-01,Active,396237.75
LN-225-0,EXT-10225,180406.02,16.1594,24,8846.99,884699,21,2026-07-01,Active,180406.02
LN-226-0,EXT-10226,311173.93,18.2905,24,15578.79,1557879,26,2026-07-01,Active,311173.93
LN-227-0,EXT-10227,483039.44,15.2833,12,43662.91,4366291,24,2026-07-01,Active,483039.44
LN-228-0,EXT-10228,157018.47,13.9549,12,14094.91,1409491,28,2026-07-01,Active,157018.47
LN-229-0,EXT-10229,74881.17,11.6815,36,2475.75,247575,24,2026-07-01,Active,74881.17
LN-231-0,EXT-10231,327462.98,18.9353,12,30167.76,3016776,21,2026-07-01,Active,327462.98
LN-231-1,EXT-10231,353936.47,19.1223,36,12995.79,1299579,21,2026-07-01,Active,353936.47
LN-232-0,EXT-10232,243347.31,17.2178,24,12057.13,1205713,21,2026-07-01,Active,243347.31
LN-233-0,EXT-10233,326077.79,17.7268,12,29852.43,2985243,22,2026-07-01,Active,326077.79
LN-234-0,EXT-10234,318254.46,19.1387,24,16064.22,1606422,26,2026-07-01,Active,318254.46
LN-235-0,EXT-10235,352487.25,15.7936,36,12356.52,1235652,26,2026-07-01,Active,352487.25
LN-236-0,EXT-10236,390738.15,13.0994,24,18594.65,1859465,28,2026-07-01,Active,390738.15
LN-237-0,EXT-10237,408810.6,18.2218,24,20453.35,2045335,28,2026-07-01,Active,408810.6
LN-238-0,EXT-10238,435143.92,15.762,24,21256.55,2125655,23,2026-07-01,Active,435143.92
LN-239-0,EXT-10239,64137.35,10.8202,24,2983.95,298395,24,2026-07-01,Active,64137.35
LN-241-0,EXT-10241,560077.75,19.0137,24,28236.47,2823647,28,2026-07-01,Active,560077.75
LN-241-1,EXT-10241,305191.88,11.3147,24,14268.96,1426896,28,2026-07-01,Active,305191.88
LN-242-0,EXT-10242,333574.23,16.8574,24,16469.82,1646982,28,2026-07-01,Active,333574.23
LN-243-0,EXT-10243,265951.86,17.1039,24,13162.54,1316254,22,2026-07-01,Active,265951.86
LN-244-0,EXT-10244,696461.22,10.5096,24,32302.2,3230220,20,2026-07-01,Active,696461.22
LN-245-0,EXT-10245,270058.07,19.5701,36,9977.26,997726,25,2026-07-01,Active,270058.07
LN-246-0,EXT-10246,232878.98,16.8544,36,8285.91,828591,28,2026-07-01,Active,232878.98
LN-247-0,EXT-10247,238607.03,18.4889,36,8684.84,868484,25,2026-07-01,Active,238607.03
LN-248-0,EXT-10248,190563.95,14.4484,36,6554.6,655460,23,2026-07-01,Active,190563.95
LN-249-0,EXT-10249,804916.57,18.8809,24,40528.17,4052817,20,2026-07-01,Active,804916.57
LN-251-0,EXT-10251,300636.94,12.7892,36,10099.14,1009914,22,2026-07-01,Active,300636.94
LN-251-1,EXT-10251,236030.09,19.9311,36,8763.43,876343,22,2026-07-01,Active,236030.09
LN-252-0,EXT-10252,195040.92,17.629,24,9702.32,970232,28,2026-07-01,Active,195040.92
LN-253-0,EXT-10253,73978.59,18.2487,12,6791.12,679112,24,2026-07-01,Active,73978.59
LN-254-0,EXT-10254,184557.42,18.1998,24,9231.69,923169,23,2026-07-01,Active,184557.42
LN-255-0,EXT-10255,371204.72,18.372,12,34097.79,3409779,26,2026-07-01,Active,371204.72
LN-256-0,EXT-10256,376339.99,16.0935,24,18443.59,1844359,23,2026-07-01,Active,376339.99
LN-257-0,EXT-10257,273325.13,19.2601,36,10054.99,1005499,26,2026-07-01,Active,273325.13
LN-258-0,EXT-10258,569628.14,19.5034,24,28853.67,2885367,20,2026-07-01,Active,569628.14
LN-259-0,EXT-10259,744700.65,12.5765,24,35256.48,3525648,25,2026-07-01,Active,744700.65
LN-261-0,EXT-10261,269135.41,11.38,24,12591.36,1259136,24,2026-07-01,Active,269135.41
LN-261-1,EXT-10261,230732.93,14.5574,36,7948.51,794851,24,2026-07-01,Active,230732.93
LN-262-0,EXT-10262,768346.98,13.5582,24,36730.39,3673039,23,2026-07-01,Active,768346.98
LN-263-0,EXT-10263,331382.34,16.3395,24,16279.32,1627932,23,2026-07-01,Active,331382.34
LN-264-0,EXT-10264,85904.81,19.0245,36,3149.99,314999,24,2026-07-01,Active,85904.81
LN-265-0,EXT-10265,219644.52,18.1168,24,10977.95,1097795,24,2026-07-01,Active,219644.52
LN-266-0,EXT-10266,353701.62,12.6321,36,11855.02,1185502,22,2026-07-01,Active,353701.62
LN-267-0,EXT-10267,166310.73,17.0397,12,15171.46,1517146,21,2026-07-01,Active,166310.73
LN-268-0,EXT-10268,560729.2,19.5378,12,51818.92,5181892,27,2026-07-01,Active,560729.2
LN-269-0,EXT-10269,530982.54,16.1278,36,18701.29,1870129,26,2026-07-01,Active,530982.54
LN-271-0,EXT-10271,298658.71,12.5445,36,9997.59,999759,27,2026-07-01,Active,298658.71
LN-271-1,EXT-10271,227662.19,14.0759,12,20449.26,2044926,27,2026-07-01,Active,227662.19
LN-272-0,EXT-10272,308351.02,12.1252,36,10260.12,1026012,28,2026-07-01,Active,308351.02
LN-273-0,EXT-10273,386391.97,12.6143,12,34441.6,3444160,21,2026-07-01,Active,386391.97
LN-274-0,EXT-10274,596773.62,10.4788,12,52598.88,5259888,23,2026-07-01,Active,596773.62
LN-275-0,EXT-10275,427396.28,18.4967,24,21440.09,2144009,24,2026-07-01,Active,427396.28
LN-276-0,EXT-10276,314563.45,13.9674,36,10746.06,1074606,22,2026-07-01,Active,314563.45
LN-277-0,EXT-10277,325781.62,14.6565,12,29351.72,2935172,28,2026-07-01,Active,325781.62
LN-278-0,EXT-10278,221100.72,11.1392,36,7253.14,725314,20,2026-07-01,Active,221100.72
LN-279-0,EXT-10279,590277.92,12.5347,24,27934.06,2793406,22,2026-07-01,Active,590277.92
LN-281-0,EXT-10281,385089.39,10.6828,24,17891.53,1789153,23,2026-07-01,Active,385089.39
LN-281-1,EXT-10281,646330.5,14.8811,12,58300.46,5830046,23,2026-07-01,Active,646330.5
LN-282-0,EXT-10282,393035.61,11.7882,24,18462.71,1846271,20,2026-07-01,Active,393035.61
LN-283-0,EXT-10283,570704.65,19.7551,24,28978.24,2897824,25,2026-07-01,Active,570704.65
LN-284-0,EXT-10284,79058.59,13.7516,24,3786.56,378656,24,2026-07-01,Active,79058.59
LN-285-0,EXT-10285,151333.08,10.0891,24,6989.48,698948,23,2026-07-01,Active,151333.08
LN-286-0,EXT-10286,459775.79,15.4484,36,16039.43,1603943,21,2026-07-01,Active,459775.79
LN-287-0,EXT-10287,144417.26,10.3121,12,12717.54,1271754,21,2026-07-01,Active,144417.26
LN-288-0,EXT-10288,521058.81,15.6403,12,47187.46,4718746,24,2026-07-01,Active,521058.81
LN-289-0,EXT-10289,166040.49,11.6131,24,7786.13,778613,24,2026-07-01,Active,166040.49
LN-291-0,EXT-10291,189259.18,16.5612,12,17221.95,1722195,22,2026-07-01,Active,189259.18
LN-291-1,EXT-10291,238713.13,11.4175,12,21144.38,2114438,22,2026-07-01,Active,238713.13
LN-292-0,EXT-10292,280372.06,17.3715,12,25620.72,2562072,24,2026-07-01,Active,280372.06
LN-293-0,EXT-10293,107466.25,18.2375,12,9864.65,986465,26,2026-07-01,Active,107466.25
LN-294-0,EXT-10294,419221.15,17.1444,12,38263.7,3826370,22,2026-07-01,Active,419221.15
LN-295-0,EXT-10295,638521.88,13.8673,12,57291.17,5729117,20,2026-07-01,Active,638521.88
LN-296-0,EXT-10296,505193.83,14.0674,12,45375.91,4537591,27,2026-07-01,Active,505193.83
LN-297-0,EXT-10297,558480.46,17.3998,36,20022.65,2002265,24,2026-07-01,Active,558480.46
LN-298-0,EXT-10298,152771.22,10.6295,24,7094.08,709408,28,2026-07-01,Active,152771.22
LN-299-0,EXT-10299,205814.5,10.0091,12,18095.24,1809524,25,2026-07-01,Active,205814.5
LN-301-0,EXT-10301,456138.27,14.1437,36,15621.58,1562158,24,2026-07-01,Active,456138.27
LN-301-1,EXT-10301,264612.27,17.112,24,13097.27,1309727,24,2026-07-01,Active,264612.27
LN-302-0,EXT-10302,660356.11,16.6992,24,32554.13,3255413,22,2026-07-01,Active,660356.11
LN-303-0,EXT-10303,498732.76,13.1168,12,44572.79,4457279,23,2026-07-01,Active,498732.76
LN-304-0,EXT-10304,302619.31,19.8259,12,28007.78,2800778,28,2026-07-01,Active,302619.31
LN-305-0,EXT-10305,412933.36,17.0005,36,14722.31,1472231,20,2026-07-01,Active,412933.36
LN-306-0,EXT-10306,124006.24,17.9304,36,4478.8,447880,24,2026-07-01,Active,124006.24
LN-307-0,EXT-10307,331756.04,14.7088,12,29898.17,2989817,23,2026-07-01,Active,331756.04
LN-308-0,EXT-10308,617003.61,17.0403,12,56285.46,5628546,28,2026-07-01,Active,617003.61
LN-309-0,EXT-10309,463738.8,11.5625,36,15306.05,1530605,20,2026-07-01,Active,463738.8
LN-311-0,EXT-10311,156384.98,11.8798,24,7352.81,735281,25,2026-07-01,Active,156384.98
LN-311-1,EXT-10311,278348.3,12.2025,36,9272.1,927210,25,2026-07-01,Active,278348.3
LN-312-0,EXT-10312,261892.19,12.9357,24,12442.92,1244292,28,2026-07-01,Active,261892.19
LN-313-0,EXT-10313,266975.87,12.2037,12,23745.92,2374592,21,2026-07-01,Active,266975.87
LN-314-0,EXT-10314,874644.71,13.0802,24,41615.16,4161516,22,2026-07-01,Active,874644.71
LN-315-0,EXT-10315,225542.45,14.8835,12,20344.69,2034469,26,2026-07-01,Active,225542.45
LN-316-0,EXT-10316,358541.29,15.9367,36,12594.05,1259405,23,2026-07-01,Active,358541.29
LN-317-0,EXT-10317,183632.7,19.5427,12,16970.56,1697056,24,2026-07-01,Active,183632.7
LN-318-0,EXT-10318,755916.82,18.2133,24,37816.43,3781643,26,2026-07-01,Active,755916.82
LN-319-0,EXT-10319,152861.39,17.9934,36,5525.8,552580,26,2026-07-01,Active,152861.39
LN-321-0,EXT-10321,247476.24,12.8075,36,8315.52,831552,26,2026-07-01,Active,247476.24
LN-321-1,EXT-10321,476473.06,10.6856,12,42041.63,4204163,26,2026-07-01,Active,476473.06
LN-322-0,EXT-10322,509841.06,15.6701,24,24883.11,2488311,22,2026-07-01,Active,509841.06
LN-323-0,EXT-10323,364241.86,18.4807,36,13256.22,1325622,21,2026-07-01,Active,364241.86
LN-324-0,EXT-10324,336005.43,10.005,12,29541.0,2954100,26,2026-07-01,Active,336005.43
LN-325-0,EXT-10325,659195.58,17.4493,24,32734.63,3273463,25,2026-07-01,Active,659195.58
LN-326-0,EXT-10326,245928.76,14.7713,12,22170.58,2217058,26,2026-07-01,Active,245928.76
LN-327-0,EXT-10327,281040.43,16.7335,24,13859.32,1385932,26,2026-07-01,Active,281040.43
LN-328-0,EXT-10328,218748.26,14.4684,12,19689.02,1968902,21,2026-07-01,Active,218748.26
LN-329-0,EXT-10329,340585.43,13.8177,36,11610.27,1161027,28,2026-07-01,Active,340585.43
LN-331-0,EXT-10331,455220.08,13.5677,24,21763.59,2176359,20,2026-07-01,Active,455220.08
LN-331-1,EXT-10331,477807.37,11.2013,36,15688.39,1568839,20,2026-07-01,Active,477807.37
LN-332-0,EXT-10332,107937.38,19.7827,12,9987.51,998751,25,2026-07-01,Active,107937.38
LN-333-0,EXT-10333,158253.91,14.9114,36,5479.06,547906,27,2026-07-01,Active,158253.91
LN-334-0,EXT-10334,594380.1,14.6517,24,28721.24,2872124,25,2026-07-01,Active,594380.1
LN-335-0,EXT-10335,497452.9,19.1172,36,18264.13,1826413,27,2026-07-01,Active,497452.9
LN-336-0,EXT-10336,223421.32,19.6063,36,8258.39,825839,28,2026-07-01,Active,223421.32
LN-337-0,EXT-10337,192155.22,17.3084,36,6880.38,688038,21,2026-07-01,Active,192155.22
LN-338-0,EXT-10338,102349.97,18.4893,36,3725.37,372537,26,2026-07-01,Active,102349.97
LN-339-0,EXT-10339,208270.0,13.2941,36,7046.98,704698,20,2026-07-01,Active,208270.0
LN-341-0,EXT-10341,339796.0,13.021,36,11452.5,1145250,21,2026-07-01,Active,339796.0
LN-341-1,EXT-10341,324224.26,12.6775,36,10874.09,1087409,21,2026-07-01,Active,324224.26
LN-342-0,EXT-10342,754653.35,15.6339,12,68339.67,6833967,27,2026-07-01,Active,754653.35
LN-343-0,EXT-10343,122225.38,17.8965,12,11199.61,1119961,28,2026-07-01,Active,122225.38
LN-344-0,EXT-10344,127158.47,13.2715,24,6061.57,606157,27,2026-07-01,Active,127158.47
LN-345-0,EXT-10345,447343.1,19.5814,36,16529.61,1652961,21,2026-07-01,Active,447343.1
LN-346-0,EXT-10346,543852.17,18.3771,36,19764.61,1976461,20,2026-07-01,Active,543852.17
LN-347-0,EXT-10347,677468.95,12.2459,12,60270.26,6027026,22,2026-07-01,Active,677468.95
LN-348-0,EXT-10348,520434.41,12.4549,24,24609.35,2460935,22,2026-07-01,Active,520434.41
LN-349-0,EXT-10349,423562.36,17.9991,36,15312.61,1531261,25,2026-07-01,Active,423562.36
LN-351-0,EXT-10351,323323.09,19.6028,36,11950.51,1195051,26,2026-07-01,Active,323323.09
LN-351-1,EXT-10351,595771.03,12.6262,36,19966.79,1996679,26,2026-07-01,Active,595771.03
LN-352-0,EXT-10352,134369.37,19.0546,36,4929.16,492916,26,2026-07-01,Active,134369.37
LN-353-0,EXT-10353,842380.2,13.0391,12,75254.55,7525455,23,2026-07-01,Active,842380.2
LN-354-0,EXT-10354,75268.58,19.4753,12,6953.58,695358,28,2026-07-01,Active,75268.58
LN-355-0,EXT-10355,184246.7,12.5376,36,6167.04,616704,25,2026-07-01,Active,184246.7
LN-356-0,EXT-10356,272965.35,17.076,36,9742.29,974229,23,2026-07-01,Active,272965.35
LN-357-0,EXT-10357,244395.34,13.3657,36,8277.76,827776,24,2026-07-01,Active,244395.34
LN-358-0,EXT-10358,239293.3,14.2393,12,21512.41,2151241,21,2026-07-01,Active,239293.3
LN-359-0,EXT-10359,457549.26,15.9724,12,41507.87,4150787,21,2026-07-01,Active,457549.26
LN-361-0,EXT-10361,65069.46,15.3393,24,3165.5,316550,25,2026-07-01,Active,65069.46
LN-361-1,EXT-10361,194231.48,16.7774,24,9582.48,958248,25,2026-07-01,Active,194231.48
LN-362-0,EXT-10362,109370.37,10.418,36,3550.58,355058,27,2026-07-01,Active,109370.37
LN-363-0,EXT-10363,176162.28,13.8435,12,15804.13,1580413,23,2026-07-01,Active,176162.28
LN-364-0,EXT-10364,390240.48,11.2058,12,34527.58,3452758,26,2026-07-01,Active,390240.48
LN-365-0,EXT-10365,558531.72,13.9317,36,19070.78,1907078,24,2026-07-01,Active,558531.72
LN-366-0,EXT-10366,434291.11,10.4753,24,20135.73,2013573,23,2026-07-01,Active,434291.11
LN-367-0,EXT-10367,157920.74,11.1112,36,5178.44,517844,20,2026-07-01,Active,157920.74
LN-368-0,EXT-10368,471486.17,10.347,24,21832.28,2183228,24,2026-07-01,Active,471486.17
LN-369-0,EXT-10369,319452.01,19.3372,36,11764.38,1176438,22,2026-07-01,Active,319452.01
LN-371-0,EXT-10371,637692.01,13.7145,36,21706.49,2170649,26,2026-07-01,Active,637692.01
LN-371-1,EXT-10371,595573.75,12.3737,12,53020.18,5302018,26,2026-07-01,Active,595573.75
LN-372-0,EXT-10372,428626.13,12.9815,36,14438.28,1443828,23,2026-07-01,Active,428626.13
LN-373-0,EXT-10373,269042.47,13.5419,24,12859.35,1285935,26,2026-07-01,Active,269042.47
LN-374-0,EXT-10374,61599.12,15.824,24,3010.91,301091,27,2026-07-01,Active,61599.12
LN-375-0,EXT-10375,221041.75,10.5001,36,7184.4,718440,28,2026-07-01,Active,221041.75
LN-376-0,EXT-10376,248253.91,11.6169,24,11641.81,1164181,26,2026-07-01,Active,248253.91
LN-377-0,EXT-10377,631449.79,12.6359,36,21165.47,2116547,20,2026-07-01,Active,631449.79
LN-378-0,EXT-10378,215572.04,19.6722,12,19935.61,1993561,22,2026-07-01,Active,215572.04
LN-379-0,EXT-10379,229232.69,13.9199,12,20573.51,2057351,26,2026-07-01,Active,229232.69
LN-381-0,EXT-10381,261750.24,19.1854,36,9619.28,961928,23,2026-07-01,Active,261750.24
LN-381-1,EXT-10381,161638.78,15.6493,36,5654.8,565480,23,2026-07-01,Active,161638.78
LN-382-0,EXT-10382,414290.31,10.6618,36,13497.08,1349708,24,2026-07-01,Active,414290.31
LN-383-0,EXT-10383,136701.43,14.1193,36,4680.05,468005,27,2026-07-01,Active,136701.43
LN-384-0,EXT-10384,467631.63,11.6521,24,21937.14,2193714,24,2026-07-01,Active,467631.63
LN-385-0,EXT-10385,241547.98,19.774,12,22349.56,2234956,28,2026-07-01,Active,241547.98
LN-386-0,EXT-10386,376394.83,16.2985,36,13288.47,1328847,21,2026-07-01,Active,376394.83
LN-387-0,EXT-10387,191805.62,11.1666,12,16967.01,1696701,28,2026-07-01,Active,191805.62
LN-388-0,EXT-10388,361266.47,18.0797,36,13075.11,1307511,26,2026-07-01,Active,361266.47
LN-389-0,EXT-10389,149305.99,15.3643,24,7265.21,726521,24,2026-07-01,Active,149305.99
LN-391-0,EXT-10391,417918.87,15.3162,24,20326.33,2032633,27,2026-07-01,Active,417918.87
LN-391-1,EXT-10391,686389.3,11.1705,36,22526.96,2252696,27,2026-07-01,Active,686389.3
LN-392-0,EXT-10392,164329.29,14.8204,24,7953.76,795376,23,2026-07-01,Active,164329.29
LN-393-0,EXT-10393,456129.44,10.9923,24,21257.58,2125758,22,2026-07-01,Active,456129.44
LN-394-0,EXT-10394,223527.93,10.3928,24,10355.25,1035525,26,2026-07-01,Active,223527.93
LN-395-0,EXT-10395,259636.8,14.7095,12,23398.81,2339881,21,2026-07-01,Active,259636.8
LN-396-0,EXT-10396,148151.58,17.5455,12,13550.51,1355051,26,2026-07-01,Active,148151.58
LN-397-0,EXT-10397,682148.95,10.9791,36,22325.92,2232592,24,2026-07-01,Active,682148.95
LN-398-0,EXT-10398,124637.61,17.648,36,4483.97,448397,25,2026-07-01,Active,124637.61
LN-399-0,EXT-10399,544170.99,16.1838,36,19180.86,1918086,26,2026-07-01,Active,544170.99
LN-401-0,EXT-10401,442730.75,14.7869,24,21421.74,2142174,28,2026-07-01,Active,442730.75
LN-401-1,EXT-10401,591522.22,11.3263,24,27659.27,2765927,28,2026-07-01,Active,591522.22
LN-402-0,EXT-10402,797968.5,13.2537,36,26984.34,2698434,27,2026-07-01,Active,797968.5
LN-403-0,EXT-10403,238362.92,11.2791,36,7835.24,783524,24,2026-07-01,Active,238362.92
LN-404-0,EXT-10404,735377.08,16.6115,12,66934.37,6693437,24,2026-07-01,Active,735377.08
LN-405-0,EXT-10405,252665.11,10.1162,24,11672.77,1167277,23,2026-07-01,Active,252665.11
LN-406-0,EXT-10406,392496.77,16.1599,36,13830.03,1383003,23,2026-07-01,Active,392496.77
LN-407-0,EXT-10407,724165.7,14.4796,36,24919.29,2491929,22,2026-07-01,Active,724165.7
LN-408-0,EXT-10408,228938.64,17.5541,12,20940.54,2094054,23,2026-07-01,Active,228938.64
LN-409-0,EXT-10409,302430.74,11.3573,12,26779.76,2677976,20,2026-07-01,Active,302430.74
LN-411-0,EXT-10411,472009.06,11.1636,36,15489.57,1548957,27,2026-07-01,Active,472009.06
LN-411-1,EXT-10411,226619.96,12.8476,12,20224.87,2022487,27,2026-07-01,Active,226619.96
LN-412-0,EXT-10412,169870.65,14.2553,12,15272.61,1527261,28,2026-07-01,Active,169870.65
LN-413-0,EXT-10413,282913.29,18.761,24,14228.43,1422843,28,2026-07-01,Active,282913.29
LN-414-0,EXT-10414,342888.86,18.3251,36,12452.25,1245225,23,2026-07-01,Active,342888.86
LN-415-0,EXT-10415,697627.43,16.0151,24,34163.05,3416305,23,2026-07-01,Active,697627.43
LN-416-0,EXT-10416,691518.29,16.348,36,24430.69,2443069,26,2026-07-01,Active,691518.29
LN-417-0,EXT-10417,699935.18,17.7266,24,34851.25,3485125,23,2026-07-01,Active,699935.18
LN-418-0,EXT-10418,268017.77,10.1262,36,8664.07,866407,25,2026-07-01,Active,268017.77
LN-419-0,EXT-10419,568547.26,17.6558,12,52031.31,5203131,27,2026-07-01,Active,568547.26
LN-421-0,EXT-10421,363163.91,12.0486,12,32274.93,3227493,24,2026-07-01,Active,363163.91
LN-421-1,EXT-10421,292489.58,12.6014,12,26069.71,2606971,24,2026-07-01,Active,292489.58
LN-422-0,EXT-10422,289061.3,13.1846,36,9765.34,976534,24,2026-07-01,Active,289061.3
LN-423-0,EXT-10423,145373.28,11.4154,24,6803.61,680361,23,2026-07-01,Active,145373.28
LN-424-0,EXT-10424,377656.1,17.0456,36,13473.05,1347305,22,2026-07-01,Active,377656.1
LN-425-0,EXT-10425,189293.85,18.5804,12,17406.79,1740679,25,2026-07-01,Active,189293.85
LN-426-0,EXT-10426,760408.4,18.4082,12,69862.04,6986204,22,2026-07-01,Active,760408.4
LN-427-0,EXT-10427,392895.62,12.3932,12,34980.6,3498060,28,2026-07-01,Active,392895.62
LN-428-0,EXT-10428,856011.3,15.6639,24,41775.62,4177562,26,2026-07-01,Active,856011.3
LN-429-0,EXT-10429,254392.53,10.1079,36,8221.43,822143,28,2026-07-01,Active,254392.53
LN-431-0,EXT-10431,403259.55,18.9936,12,37161.78,3716178,22,2026-07-01,Active,403259.55
LN-431-1,EXT-10431,132094.03,17.3494,24,6553.23,655323,22,2026-07-01,Active,132094.03
LN-432-0,EXT-10432,461861.6,10.4065,36,14991.28,1499128,21,2026-07-01,Active,461861.6
LN-433-0,EXT-10433,433996.58,10.2807,24,20083.02,2008302,23,2026-07-01,Active,433996.58
LN-434-0,EXT-10434,276161.5,12.3246,36,9215.39,921539,20,2026-07-01,Active,276161.5
LN-435-0,EXT-10435,299736.66,19.2535,24,15146.26,1514626,24,2026-07-01,Active,299736.66
LN-436-0,EXT-10436,714333.92,13.1187,36,24109.59,2410959,25,2026-07-01,Active,714333.92
LN-437-0,EXT-10437,380278.99,16.4459,36,13453.35,1345335,28,2026-07-01,Active,380278.99
LN-438-0,EXT-10438,88835.73,13.782,36,3026.8,302680,22,2026-07-01,Active,88835.73
LN-439-0,EXT-10439,256502.5,13.5377,36,8709.16,870916,20,2026-07-01,Active,256502.5
LN-441-0,EXT-10441,213416.67,18.5919,24,10715.78,1071578,28,2026-07-01,Active,213416.67
LN-441-1,EXT-10441,134138.54,13.2704,24,6394.24,639424,28,2026-07-01,Active,134138.54
LN-442-0,EXT-10442,289189.61,16.7389,12,26339.65,2633965,25,2026-07-01,Active,289189.61
LN-443-0,EXT-10443,79763.35,18.6923,12,7339.01,733901,27,2026-07-01,Active,79763.35
LN-444-0,EXT-10444,393141.58,15.7901,36,13780.98,1378098,24,2026-07-01,Active,393141.58
LN-445-0,EXT-10445,483369.65,15.9828,24,23663.31,2366331,24,2026-07-01,Active,483369.65
LN-446-0,EXT-10446,150395.86,14.9024,12,13567.55,1356755,28,2026-07-01,Active,150395.86
LN-447-0,EXT-10447,279365.8,18.8723,24,14065.11,1406511,22,2026-07-01,Active,279365.8
LN-448-0,EXT-10448,982574.59,14.7291,12,88559.97,8855997,24,2026-07-01,Active,982574.59
LN-449-0,EXT-10449,585649.78,17.5193,24,29102.18,2910218,23,2026-07-01,Active,585649.78
LN-451-0,EXT-10451,735342.29,13.9015,36,25097.1,2509710,23,2026-07-01,Active,735342.29
LN-451-1,EXT-10451,594235.21,17.6534,24,29567.24,2956724,23,2026-07-01,Active,594235.21
LN-452-0,EXT-10452,880813.51,15.9947,12,79914.76,7991476,27,2026-07-01,Active,880813.51
LN-453-0,EXT-10453,263710.03,15.1053,36,9155.2,915520,25,2026-07-01,Active,263710.03
LN-454-0,EXT-10454,85608.85,11.7249,24,4018.92,401892,25,2026-07-01,Active,85608.85
LN-455-0,EXT-10455,605807.54,19.4626,36,22348.44,2234844,27,2026-07-01,Active,605807.54
LN-456-0,EXT-10456,542550.73,18.5502,24,27230.82,2723082,23,2026-07-01,Active,542550.73
LN-457-0,EXT-10457,491265.02,17.9152,12,45019.34,4501934,28,2026-07-01,Active,491265.02
LN-458-0,EXT-10458,305274.37,14.0778,36,10445.09,1044509,24,2026-07-01,Active,305274.37
LN-459-0,EXT-10459,137575.23,19.6763,12,12722.91,1272291,25,2026-07-01,Active,137575.23
LN-461-0,EXT-10461,299902.82,18.9348,24,15108.19,1510819,23,2026-07-01,Active,299902.82
LN-461-1,EXT-10461,161344.17,13.5193,12,14450.16,1445016,23,2026-07-01,Active,161344.17
LN-462-0,EXT-10462,187912.32,16.3431,36,6638.31,663831,22,2026-07-01,Active,187912.32
LN-463-0,EXT-10463,483180.93,10.7591,36,15763.66,1576366,26,2026-07-01,Active,483180.93
LN-464-0,EXT-10464,213840.44,13.1424,24,10180.67,1018067,21,2026-07-01,Active,213840.44
LN-465-0,EXT-10465,243200.14,16.5904,12,22133.76,2213376,22,2026-07-01,Active,243200.14
LN-466-0,EXT-10466,448593.36,19.9455,36,16658.88,1665888,23,2026-07-01,Active,448593.36
LN-467-0,EXT-10467,474187.39,11.974,12,42125.2,4212520,25,2026-07-01,Active,474187.39
LN-468-0,EXT-10468,251013.1,10.2506,36,8129.05,812905,24,2026-07-01,Active,251013.1
LN-469-0,EXT-10469,406292.84,16.0199,24,19897.23,1989723,24,2026-07-01,Active,406292.84
LN-471-0,EXT-10471,174364.92,10.9026,36,5700.45,570045,28,2026-07-01,Active,174364.92
LN-471-1,EXT-10471,284758.89,13.5171,12,25503.03,2550303,28,2026-07-01,Active,284758.89
LN-472-0,EXT-10472,223989.98,18.0827,36,8107.07,810707,27,2026-07-01,Active,223989.98
LN-473-0,EXT-10473,281469.61,14.0082,36,9621.09,962109,20,2026-07-01,Active,281469.61
LN-474-0,EXT-10474,427399.8,14.4991,12,38475.44,3847544,21,2026-07-01,Active,427399.8
LN-475-0,EXT-10475,497584.75,11.5362,12,44101.92,4410192,23,2026-07-01,Active,497584.75
LN-476-0,EXT-10476,119026.35,12.9085,36,4005.22,400522,23,2026-07-01,Active,119026.35
LN-477-0,EXT-10477,375271.62,19.8687,12,34739.52,3473952,20,2026-07-01,Active,375271.62
LN-478-0,EXT-10478,273326.36,13.6116,24,13073.09,1307309,28,2026-07-01,Active,273326.36
LN-479-0,EXT-10479,631418.19,12.1976,36,21031.76,2103176,25,2026-07-01,Active,631418.19
LN-481-0,EXT-10481,349702.45,12.1007,36,11631.96,1163196,24,2026-07-01,Active,349702.45
LN-481-1,EXT-10481,515505.81,16.918,24,25467.47,2546747,24,2026-07-01,Active,515505.81
LN-482-0,EXT-10482,286565.09,19.2498,36,10540.56,1054056,28,2026-07-01,Active,286565.09
LN-483-0,EXT-10483,357826.85,11.4082,12,31693.5,3169350,27,2026-07-01,Active,357826.85
LN-484-0,EXT-10484,461114.52,10.3849,12,40621.89,4062189,21,2026-07-01,Active,461114.52
LN-485-0,EXT-10485,166070.55,18.3439,24,8318.54,831854,27,2026-07-01,Active,166070.55
LN-486-0,EXT-10486,274197.74,10.4523,24,12710.15,1271015,23,2026-07-01,Active,274197.74
LN-487-0,EXT-10487,359805.17,16.1125,24,17636.53,1763653,28,2026-07-01,Active,359805.17
LN-488-0,EXT-10488,347765.78,15.5008,24,16944.86,1694486,23,2026-07-01,Active,347765.78
LN-489-0,EXT-10489,186258.22,18.4622,24,9340.42,934042,20,2026-07-01,Active,186258.22
LN-491-0,EXT-10491,162612.09,12.0864,12,14454.46,1445446,26,2026-07-01,Active,162612.09
LN-491-1,EXT-10491,467645.07,16.6624,36,16594.37,1659437,26,2026-07-01,Active,467645.07
LN-492-0,EXT-10492,172708.84,10.0572,12,15188.44,1518844,25,2026-07-01,Active,172708.84
LN-493-0,EXT-10493,124468.26,12.991,12,11116.64,1111664,26,2026-07-01,Active,124468.26
LN-494-0,EXT-10494,121341.77,18.2002,12,11136.18,1113618,27,2026-07-01,Active,121341.77
LN-495-0,EXT-10495,461014.55,16.6811,24,22723.02,2272302,20,2026-07-01,Active,461014.55
LN-496-0,EXT-10496,362971.21,16.9197,36,12926.41,1292641,21,2026-07-01,Active,362971.21
LN-497-0,EXT-10497,408488.47,15.0895,24,19823.6,1982360,20,2026-07-01,Active,408488.47
LN-498-0,EXT-10498,466754.93,13.199,36,15771.58,1577158,23,2026-07-01,Active,466754.93
LN-499-0,EXT-10499,340326.6,10.1708,12,29947.16,2994716,22,2026-07-01,Active,340326.6
LN-501-0,EXT-10501,386050.92,13.2787,24,18404.14,1840414,27,2026-07-01,Active,386050.92
LN-501-1,EXT-10501,615760.33,14.2475,36,21119.33,2111933,27,2026-07-01,Active,615760.33
LN-502-0,EXT-10502,266383.48,17.0618,12,24303.26,2430326,25,2026-07-01,Active,266383.48
LN-503-0,EXT-10503,268832.97,10.8237,12,23737.8,2373780,26,2026-07-01,Active,268832.97
LN-504-0,EXT-10504,894515.64,18.9629,36,32772.62,3277262,23,2026-07-01,Active,894515.64
LN-505-0,EXT-10505,219711.63,16.2044,36,7746.6,774660,27,2026-07-01,Active,219711.63
LN-506-0,EXT-10506,254812.66,17.8463,24,12702.38,1270238,25,2026-07-01,Active,254812.66
LN-507-0,EXT-10507,581775.15,13.5502,12,52112.88,5211288,28,2026-07-01,Active,581775.15
LN-508-0,EXT-10508,425594.31,13.3731,24,20308.2,2030820,24,2026-07-01,Active,425594.31
LN-509-0,EXT-10509,388689.26,12.493,36,13001.75,1300175,25,2026-07-01,Active,388689.26
LN-511-0,EXT-10511,244890.55,10.4168,12,21577.27,2157727,22,2026-07-01,Active,244890.55
LN-511-1,EXT-10511,212302.01,19.2548,24,10728.15,1072815,22,2026-07-01,Active,212302.01
LN-512-0,EXT-10512,117264.71,15.593,36,4099.16,409916,27,2026-07-01,Active,117264.71
LN-513-0,EXT-10513,632395.99,14.4715,36,21758.91,2175891,28,2026-07-01,Active,632395.99
LN-514-0,EXT-10514,334312.86,11.9803,12,29700.21,2970021,21,2026-07-01,Active,334312.86
LN-515-0,EXT-10515,735866.68,19.6741,12,68051.93,6805193,20,2026-07-01,Active,735866.68
LN-516-0,EXT-10516,402433.42,15.2676,36,14003.28,1400328,24,2026-07-01,Active,402433.42
LN-517-0,EXT-10517,351339.97,13.9802,24,16865.56,1686556,27,2026-07-01,Active,351339.97
LN-518-0,EXT-10518,747178.56,18.693,36,27272.76,2727276,27,2026-07-01,Active,747178.56
LN-519-0,EXT-10519,316614.8,17.6585,12,28975.81,2897581,25,2026-07-01,Active,316614.8
LN-521-0,EXT-10521,655689.29,15.3743,36,22850.05,2285005,26,2026-07-01,Active,655689.29
LN-521-1,EXT-10521,553096.89,15.3213,36,19260.41,1926041,26,2026-07-01,Active,553096.89
LN-522-0,EXT-10522,260036.05,12.1276,24,12256.3,1225630,27,2026-07-01,Active,260036.05
LN-523-0,EXT-10523,101474.05,12.2105,24,4786.72,478672,20,2026-07-01,Active,101474.05
LN-524-0,EXT-10524,341327.84,11.582,24,16000.94,1600094,28,2026-07-01,Active,341327.84
LN-525-0,EXT-10525,302660.85,18.3643,24,15163.4,1516340,25,2026-07-01,Active,302660.85
LN-526-0,EXT-10526,315480.87,10.1774,24,14583.69,1458369,27,2026-07-01,Active,315480.87
LN-527-0,EXT-10527,131250.15,10.7886,36,4283.84,428384,23,2026-07-01,Active,131250.15
LN-528-0,EXT-10528,621201.17,14.5582,24,29989.72,2998972,25,2026-07-01,Active,621201.17
LN-529-0,EXT-10529,495650.06,13.3815,12,44358.87,4435887,24,2026-07-01,Active,495650.06
LN-531-0,EXT-10531,957512.52,16.9343,24,47311.37,4731137,26,2026-07-01,Active,957512.52
LN-531-1,EXT-10531,942624.61,17.677,12,86274.97,8627497,26,2026-07-01,Active,942624.61
LN-532-0,EXT-10532,500813.34,14.7974,36,17311.22,1731122,20,2026-07-01,Active,500813.34
LN-533-0,EXT-10533,266692.47,17.0027,24,13186.23,1318623,26,2026-07-01,Active,266692.47
LN-534-0,EXT-10534,233328.28,17.6855,12,21356.62,2135662,22,2026-07-01,Active,233328.28
LN-535-0,EXT-10535,287826.98,17.237,36,10295.8,1029580,24,2026-07-01,Active,287826.98
LN-536-0,EXT-10536,489545.6,14.9794,36,16965.32,1696532,20,2026-07-01,Active,489545.6
LN-537-0,EXT-10537,363008.61,19.1184,24,18319.65,1831965,24,2026-07-01,Active,363008.61
LN-538-0,EXT-10538,242732.64,15.6842,24,11848.35,1184835,20,2026-07-01,Active,242732.64
LN-539-0,EXT-10539,636104.05,13.274,24,30323.47,3032347,21,2026-07-01,Active,636104.05
LN-541-0,EXT-10541,314936.0,13.2817,12,28170.87,2817087,26,2026-07-01,Active,314936.0
LN-541-1,EXT-10541,752018.35,17.4775,24,37354.27,3735427,26,2026-07-01,Active,752018.35
LN-542-0,EXT-10542,85304.46,11.2298,24,3984.96,398496,21,2026-07-01,Active,85304.46
LN-543-0,EXT-10543,130388.59,15.4372,24,6349.22,634922,24,2026-07-01,Active,130388.59
LN-544-0,EXT-10544,316209.31,15.4301,36,11028.21,1102821,26,2026-07-01,Active,316209.31
LN-545-0,EXT-10545,331542.19,19.2264,12,30589.63,3058963,23,2026-07-01,Active,331542.19
LN-546-0,EXT-10546,756912.29,18.2266,24,37871.08,3787108,23,2026-07-01,Active,756912.29
LN-547-0,EXT-10547,418717.13,13.1364,12,37425.48,3742548,27,2026-07-01,Active,418717.13
LN-548-0,EXT-10548,375299.18,18.7401,12,34539.75,3453975,21,2026-07-01,Active,375299.18
LN-549-0,EXT-10549,419317.88,18.6299,24,21061.92,2106192,26,2026-07-01,Active,419317.88
LN-551-0,EXT-10551,405286.03,12.1836,36,13496.87,1349687,21,2026-07-01,Active,405286.03
LN-551-1,EXT-10551,246040.02,15.7549,24,12018.09,1201809,21,2026-07-01,Active,246040.02
LN-552-0,EXT-10552,129670.82,14.8197,12,11692.84,1169284,25,2026-07-01,Active,129670.82
LN-553-0,EXT-10553,745987.43,11.1681,24,34827.1,3482710,23,2026-07-01,Active,745987.43
LN-554-0,EXT-10554,251156.17,18.1093,36,9093.67,909367,26,2026-07-01,Active,251156.17
LN-555-0,EXT-10555,261587.2,16.3983,36,9248.15,924815,20,2026-07-01,Active,261587.2
LN-556-0,EXT-10556,421111.17,11.4151,24,19708.33,1970833,25,2026-07-01,Active,421111.17
LN-557-0,EXT-10557,353177.69,15.0239,12,31881.21,3188121,20,2026-07-01,Active,353177.69
LN-558-0,EXT-10558,381808.68,17.3969,24,18950.38,1895038,26,2026-07-01,Active,381808.68
LN-559-0,EXT-10559,428991.66,17.9608,12,39321.96,3932196,20,2026-07-01,Active,428991.66
LN-561-0,EXT-10561,65007.45,17.188,24,3219.99,321999,23,2026-07-01,Active,65007.45
LN-561-1,EXT-10561,85627.65,17.5653,12,7832.64,783264,23,2026-07-01,Active,85627.65
LN-562-0,EXT-10562,346829.95,15.4852,24,16896.69,1689669,27,2026-07-01,Active,346829.95
LN-563-0,EXT-10563,286801.53,11.4149,36,9445.96,944596,21,2026-07-01,Active,286801.53
LN-564-0,EXT-10564,288020.46,12.5991,24,13638.84,1363884,24,2026-07-01,Active,288020.46
LN-565-0,EXT-10565,153706.84,18.7061,36,5611.47,561147,21,2026-07-01,Active,153706.84
LN-566-0,EXT-10566,201838.2,15.6731,12,18281.75,1828175,26,2026-07-01,Active,201838.2
LN-567-0,EXT-10567,371881.54,14.9733,36,12886.54,1288654,24,2026-07-01,Active,371881.54
LN-568-0,EXT-10568,219619.43,19.3942,24,11112.82,1111282,22,2026-07-01,Active,219619.43
LN-569-0,EXT-10569,232363.07,15.9199,12,21073.7,2107370,24,2026-07-01,Active,232363.07
LN-571-0,EXT-10571,202552.48,13.7779,36,6900.94,690094,23,2026-07-01,Active,202552.48
LN-571-1,EXT-10571,460435.55,18.6401,12,42353.13,4235313,23,2026-07-01,Active,460435.55
LN-572-0,EXT-10572,407237.91,16.5752,24,20051.74,2005174,26,2026-07-01,Active,407237.91
LN-573-0,EXT-10573,161231.92,16.6233,36,5718.18,571818,24,2026-07-01,Active,161231.92
LN-574-0,EXT-10574,490357.05,17.5355,24,24370.72,2437072,23,2026-07-01,Active,490357.05
LN-575-0,EXT-10575,515980.61,14.6389,36,17795.53,1779553,20,2026-07-01,Active,515980.61
LN-576-0,EXT-10576,706808.68,19.285,36,26010.77,2601077,22,2026-07-01,Active,706808.68
LN-577-0,EXT-10577,574875.43,18.0037,12,52705.57,5270557,28,2026-07-01,Active,574875.43
LN-578-0,EXT-10578,167823.22,16.179,24,8231.51,823151,26,2026-07-01,Active,167823.22
LN-579-0,EXT-10579,510143.83,13.2732,12,45630.07,4563007,21,2026-07-01,Active,510143.83
LN-581-0,EXT-10581,870263.04,15.8068,24,42530.49,4253049,27,2026-07-01,Active,870263.04
LN-581-1,EXT-10581,552412.36,14.9204,24,26763.73,2676373,27,2026-07-01,Active,552412.36
LN-582-0,EXT-10582,322203.83,11.6866,12,28580.2,2858020,26,2026-07-01,Active,322203.83
LN-583-0,EXT-10583,629103.81,17.1971,36,22491.02,2249102,25,2026-07-01,Active,629103.81
LN-584-0,EXT-10584,185570.18,11.9346,36,6157.79,615779,22,2026-07-01,Active,185570.18
LN-585-0,EXT-10585,318176.64,19.8242,12,29447.37,2944737,23,2026-07-01,Active,318176.64
LN-586-0,EXT-10586,417567.18,18.5282,12,38387.61,3838761,24,2026-07-01,Active,417567.18
LN-587-0,EXT-10587,261455.8,18.6139,24,13130.63,1313063,24,2026-07-01,Active,261455.8
LN-588-0,EXT-10588,968091.09,12.6011,12,86286.21,8628621,26,2026-07-01,Active,968091.09
LN-589-0,EXT-10589,279368.79,19.9377,36,10373.48,1037348,22,2026-07-01,Active,279368.79
LN-591-0,EXT-10591,860805.44,12.7085,12,76767.11,7676711,22,2026-07-01,Active,860805.44
LN-591-1,EXT-10591,805989.46,13.698,12,72252.98,7225298,22,2026-07-01,Active,805989.46
LN-592-0,EXT-10592,766568.31,12.8216,24,36379.84,3637984,21,2026-07-01,Active,766568.31
LN-593-0,EXT-10593,414762.16,14.5946,36,14295.67,1429567,20,2026-07-01,Active,414762.16
LN-594-0,EXT-10594,181783.43,16.1914,24,8917.32,891732,25,2026-07-01,Active,181783.43
LN-595-0,EXT-10595,429631.22,14.1893,36,14723.31,1472331,25,2026-07-01,Active,429631.22
LN-596-0,EXT-10596,172624.24,12.2758,12,15359.73,1535973,21,2026-07-01,Active,172624.24
LN-597-0,EXT-10597,319996.09,11.9358,36,10618.63,1061863,24,2026-07-01,Active,319996.09
LN-598-0,EXT-10598,783225.41,15.6446,24,38216.29,3821629,24,2026-07-01,Active,783225.41
LN-599-0,EXT-10599,482782.27,11.6584,12,42817.51,4281751,22,2026-07-01,Active,482782.27
LN-601-0,EXT-10601,548368.21,11.5424,36,18094.06,1809406,23,2026-07-01,Active,548368.21
LN-601-1,EXT-10601,348103.07,14.8838,24,16859.14,1685914,23,2026-07-01,Active,348103.07
LN-602-0,EXT-10602,372694.6,14.377,36,12806.17,1280617,23,2026-07-01,Active,372694.6
LN-603-0,EXT-10603,306691.93,12.9697,36,10329.19,1032919,27,2026-07-01,Active,306691.93
LN-604-0,EXT-10604,373358.45,19.7819,36,13833.89,1383389,27,2026-07-01,Active,373358.45
LN-605-0,EXT-10605,520674.79,16.2229,12,47296.2,4729620,21,2026-07-01,Active,520674.79
LN-606-0,EXT-10606,359559.54,19.2039,36,13217.12,1321712,22,2026-07-01,Active,359559.54
LN-607-0,EXT-10607,147562.12,16.4591,36,5221.35,522135,22,2026-07-01,Active,147562.12
LN-608-0,EXT-10608,471552.23,17.5425,24,23437.72,2343772,23,2026-07-01,Active,471552.23
LN-609-0,EXT-10609,462795.02,19.8135,36,17155.18,1715518,25,2026-07-01,Active,462795.02
LN-611-0,EXT-10611,408028.13,17.3803,36,14624.66,1462466,20,2026-07-01,Active,408028.13
LN-611-1,EXT-10611,428603.77,19.4921,24,21707.94,2170794,20,2026-07-01,Active,428603.77
LN-612-0,EXT-10612,403333.04,19.4524,36,14877.01,1487701,24,2026-07-01,Active,403333.04
LN-613-0,EXT-10613,705848.08,12.4381,24,33371.31,3337131,24,2026-07-01,Active,705848.08
LN-614-0,EXT-10614,276994.91,14.1027,24,13312.76,1331276,24,2026-07-01,Active,276994.91
LN-615-0,EXT-10615,427871.23,17.1516,36,15287.08,1528708,25,2026-07-01,Active,427871.23
LN-616-0,EXT-10616,880669.26,16.6412,36,31241.21,3124121,25,2026-07-01,Active,880669.26
LN-617-0,EXT-10617,179877.31,19.0337,36,6596.65,659665,28,2026-07-01,Active,179877.31
LN-618-0,EXT-10618,479418.7,19.0001,24,24166.87,2416687,28,2026-07-01,Active,479418.7
LN-619-0,EXT-10619,332730.3,10.8847,12,29389.36,2938936,23,2026-07-01,Active,332730.3
LN-621-0,EXT-10621,790572.38,14.1306,12,71031.81,7103181,21,2026-07-01,Active,790572.38
LN-621-1,EXT-10621,672874.73,15.6439,36,23538.15,2353815,21,2026-07-01,Active,672874.73
LN-622-0,EXT-10622,260284.94,19.0876,12,23997.85,2399785,23,2026-07-01,Active,260284.94
LN-623-0,EXT-10623,863958.17,13.5477,36,29338.62,2933862,27,2026-07-01,Active,863958.17
LN-624-0,EXT-10624,366325.67,12.578,36,12268.64,1226864,22,2026-07-01,Active,366325.67
LN-625-0,EXT-10625,533600.04,10.7248,12,47091.98,4709198,23,2026-07-01,Active,533600.04
LN-626-0,EXT-10626,200346.91,15.7428,36,7018.19,701819,24,2026-07-01,Active,200346.91
LN-627-0,EXT-10627,495096.79,10.0289,36,15982.09,1598209,25,2026-07-01,Active,495096.79
LN-628-0,EXT-10628,131871.17,18.5376,12,12123.71,1212371,20,2026-07-01,Active,131871.17
LN-629-0,EXT-10629,214016.09,18.216,24,10706.91,1070691,21,2026-07-01,Active,214016.09
LN-631-0,EXT-10631,405106.15,11.3255,24,18942.39,1894239,26,2026-07-01,Active,405106.15
LN-631-1,EXT-10631,152366.58,14.4229,24,7346.04,734604,26,2026-07-01,Active,152366.58
LN-632-0,EXT-10632,213047.55,18.4692,24,10684.57,1068457,26,2026-07-01,Active,213047.55
LN-633-0,EXT-10633,83051.99,15.8565,24,4060.79,406079,25,2026-07-01,Active,83051.99
LN-634-0,EXT-10634,329878.37,11.3734,36,10858.21,1085821,20,2026-07-01,Active,329878.37
LN-635-0,EXT-10635,554536.52,12.9469,36,18670.35,1867035,20,2026-07-01,Active,554536.52
LN-636-0,EXT-10636,108529.74,17.1114,36,3875.4,387540,27,2026-07-01,Active,108529.74
LN-637-0,EXT-10637,474243.19,16.346,24,23298.9,2329890,27,2026-07-01,Active,474243.19
LN-638-0,EXT-10638,930469.74,19.2643,36,34231.8,3423180,26,2026-07-01,Active,930469.74
LN-639-0,EXT-10639,200526.06,11.5685,36,6619.08,661908,27,2026-07-01,Active,200526.06
LN-641-0,EXT-10641,656542.46,15.39,12,59379.3,5937930,27,2026-07-01,Active,656542.46
LN-641-1,EXT-10641,679310.12,17.3741,12,62076.99,6207699,27,2026-07-01,Active,679310.12
LN-642-0,EXT-10642,339551.51,14.9371,36,11760.2,1176020,26,2026-07-01,Active,339551.51
LN-643-0,EXT-10643,826881.42,17.629,36,29740.06,2974006,23,2026-07-01,Active,826881.42
LN-644-0,EXT-10644,90362.63,19.4226,12,8345.74,834574,23,2026-07-01,Active,90362.63
LN-645-0,EXT-10645,357008.04,15.9529,12,32383.68,3238368,20,2026-07-01,Active,357008.04
LN-646-0,EXT-10646,858418.26,17.5281,12,78507.14,7850714,26,2026-07-01,Active,858418.26
LN-647-0,EXT-10647,450401.58,12.8265,12,40191.99,4019199,24,2026-07-01,Active,450401.58
LN-648-0,EXT-10648,749993.2,11.3538,24,35078.87,3507887,26,2026-07-01,Active,749993.2
LN-649-0,EXT-10649,251890.61,11.2271,24,11766.65,1176665,27,2026-07-01,Active,251890.61
LN-651-0,EXT-10651,395125.26,12.5246,24,18696.87,1869687,20,2026-07-01,Active,395125.26
LN-651-1,EXT-10651,435192.68,15.6559,36,15226.25,1522625,20,2026-07-01,Active,435192.68
LN-652-0,EXT-10652,488554.46,16.1282,12,44356.6,4435660,26,2026-07-01,Active,488554.46
LN-653-0,EXT-10653,562738.47,10.1723,36,18203.56,1820356,23,2026-07-01,Active,562738.47
LN-654-0,EXT-10654,707591.4,16.2164,24,34719.1,3471910,27,2026-07-01,Active,707591.4
LN-655-0,EXT-10655,566646.72,17.8447,36,20441.51,2044151,28,2026-07-01,Active,566646.72
LN-656-0,EXT-10656,384610.3,11.9897,36,12772.68,1277268,24,2026-07-01,Active,384610.3
LN-657-0,EXT-10657,640771.06,13.6097,12,57415.37,5741537,21,2026-07-01,Active,640771.06
LN-658-0,EXT-10658,273999.5,11.8549,12,24325.92,2432592,24,2026-07-01,Active,273999.5
LN-659-0,EXT-10659,504463.89,17.0908,36,18008.32,1800832,27,2026-07-01,Active,504463.89
LN-661-0,EXT-10661,323311.36,14.3568,36,11106.13,1110613,23,2026-07-01,Active,323311.36
LN-661-1,EXT-10661,150508.9,17.5361,12,13765.45,1376545,23,2026-07-01,Active,150508.9
LN-662-0,EXT-10662,630925.98,18.166,36,22862.07,2286207,21,2026-07-01,Active,630925.98
LN-663-0,EXT-10663,252112.28,11.4504,36,8307.71,830771,22,2026-07-01,Active,252112.28
LN-664-0,EXT-10664,549244.34,18.0564,12,50369.46,5036946,22,2026-07-01,Active,549244.34
LN-665-0,EXT-10665,423610.11,17.6945,24,21085.88,2108588,25,2026-07-01,Active,423610.11
LN-666-0,EXT-10666,368099.25,17.2549,24,18244.78,1824478,27,2026-07-01,Active,368099.25
LN-667-0,EXT-10667,787173.78,16.0889,24,38575.93,3857593,26,2026-07-01,Active,787173.78
LN-668-0,EXT-10668,247447.46,15.1087,36,8591.02,859102,21,2026-07-01,Active,247447.46
LN-669-0,EXT-10669,115450.92,18.3066,24,5780.9,578090,20,2026-07-01,Active,115450.92
LN-671-0,EXT-10671,644140.29,14.0556,24,30943.94,3094394,27,2026-07-01,Active,644140.29
LN-671-1,EXT-10671,579338.9,14.0969,12,52043.58,5204358,27,2026-07-01,Active,579338.9
LN-672-0,EXT-10672,98295.25,13.875,24,4713.64,471364,21,2026-07-01,Active,98295.25
LN-673-0,EXT-10673,709324.26,16.2766,24,34824.55,3482455,24,2026-07-01,Active,709324.26
LN-674-0,EXT-10674,605583.02,19.3478,24,30629.03,3062903,22,2026-07-01,Active,605583.02
LN-675-0,EXT-10675,614020.19,11.4981,12,54410.88,5441088,23,2026-07-01,Active,614020.19
LN-676-0,EXT-10676,386877.64,16.4714,12,35188.1,3518810,24,2026-07-01,Active,386877.64
LN-677-0,EXT-10677,452062.74,11.2277,36,14848.76,1484876,28,2026-07-01,Active,452062.74
LN-678-0,EXT-10678,133948.67,11.5849,12,11875.18,1187518,21,2026-07-01,Active,133948.67
LN-679-0,EXT-10679,316488.37,16.7707,24,15613.05,1561305,20,2026-07-01,Active,316488.37
LN-681-0,EXT-10681,307199.59,13.1668,12,27462.28,2746228,25,2026-07-01,Active,307199.59
LN-681-1,EXT-10681,301578.53,16.6324,24,14857.52,1485752,25,2026-07-01,Active,301578.53
LN-682-0,EXT-10682,389186.98,14.0468,12,34952.56,3495256,25,2026-07-01,Active,389186.98
LN-683-0,EXT-10683,747104.0,12.4276,36,24967.39,2496739,28,2026-07-01,Active,747104.0
LN-684-0,EXT-10684,282081.27,10.2853,24,13053.8,1305380,21,2026-07-01,Active,282081.27
LN-685-0,EXT-10685,114660.17,15.3173,24,5576.79,557679,28,2026-07-01,Active,114660.17
LN-686-0,EXT-10686,416872.97,13.8529,12,37400.98,3740098,21,2026-07-01,Active,416872.97
LN-687-0,EXT-10687,124005.52,12.6858,12,11057.56,1105756,22,2026-07-01,Active,124005.52
LN-688-0,EXT-10688,423372.78,19.1606,12,39049.05,3904905,25,2026-07-01,Active,423372.78
LN-689-0,EXT-10689,401064.95,19.6534,36,14834.28,1483428,28,2026-07-01,Active,401064.95
LN-691-0,EXT-10691,411678.97,11.5325,36,13581.89,1358189,25,2026-07-01,Active,411678.97
LN-691-1,EXT-10691,655048.03,10.8078,36,21385.85,2138585,25,2026-07-01,Active,655048.03
LN-692-0,EXT-10692,410123.11,18.9825,12,37792.11,3779211,24,2026-07-01,Active,410123.11
LN-693-0,EXT-10693,355157.64,11.3879,36,11692.75,1169275,24,2026-07-01,Active,355157.64
LN-694-0,EXT-10694,64614.01,15.5688,24,3150.41,315041,28,2026-07-01,Active,64614.01
LN-695-0,EXT-10695,480303.87,12.918,36,16164.37,1616437,23,2026-07-01,Active,480303.87
LN-696-0,EXT-10696,208882.55,11.0506,24,9740.47,974047,22,2026-07-01,Active,208882.55
LN-697-0,EXT-10697,183185.53,13.1158,36,6182.47,618247,27,2026-07-01,Active,183185.53
LN-698-0,EXT-10698,492133.74,15.9672,12,44644.09,4464409,21,2026-07-01,Active,492133.74
LN-699-0,EXT-10699,379286.48,11.6959,24,17800.52,1780052,22,2026-07-01,Active,379286.48
LN-701-0,EXT-10701,312221.69,15.5534,24,15220.8,1522080,28,2026-07-01,Active,312221.69
LN-701-1,EXT-10701,574937.95,11.8376,24,27020.75,2702075,28,2026-07-01,Active,574937.95
LN-702-0,EXT-10702,413324.18,13.3006,12,36975.3,3697530,26,2026-07-01,Active,413324.18
LN-703-0,EXT-10703,297764.43,16.9304,36,10605.81,1060581,24,2026-07-01,Active,297764.43
LN-704-0,EXT-10704,360184.53,16.6923,24,17755.13,1775513,27,2026-07-01,Active,360184.53
LN-705-0,EXT-10705,216844.41,16.3212,24,10650.68,1065068,22,2026-07-01,Active,216844.41
LN-706-0,EXT-10706,295125.64,19.214,36,10850.09,1085009,24,2026-07-01,Active,295125.64
LN-707-0,EXT-10707,480874.12,17.8536,12,44053.04,4405304,25,2026-07-01,Active,480874.12
LN-708-0,EXT-10708,445355.52,18.5994,24,22363.17,2236317,21,2026-07-01,Active,445355.52
LN-709-0,EXT-10709,216726.59,13.0073,24,10304.32,1030432,27,2026-07-01,Active,216726.59
LN-711-0,EXT-10711,156248.91,16.8826,36,5561.57,556157,25,2026-07-01,Active,156248.91
LN-711-1,EXT-10711,133581.76,12.5171,24,6320.46,632046,25,2026-07-01,Active,133581.76
LN-712-0,EXT-10712,486165.94,13.0284,36,16387.5,1638750,24,2026-07-01,Active,486165.94
LN-713-0,EXT-10713,212474.31,12.8922,12,18966.88,1896688,28,2026-07-01,Active,212474.31
LN-714-0,EXT-10714,320175.6,17.7496,36,11534.94,1153494,23,2026-07-01,Active,320175.6
LN-715-0,EXT-10715,211293.98,10.058,24,9755.8,975580,28,2026-07-01,Active,211293.98
LN-716-0,EXT-10716,172413.4,18.6668,24,8663.23,866323,27,2026-07-01,Active,172413.4
LN-717-0,EXT-10717,528998.42,16.3634,24,25993.35,2599335,22,2026-07-01,Active,528998.42
LN-718-0,EXT-10718,325285.44,18.3143,12,29870.84,2987084,24,2026-07-01,Active,325285.44
LN-719-0,EXT-10719,159975.56,16.617,12,14561.47,1456147,24,2026-07-01,Active,159975.56
LN-721-0,EXT-10721,736783.88,19.1022,12,67935.41,6793541,22,2026-07-01,Active,736783.88
LN-721-1,EXT-10721,489943.43,14.5001,24,23639.51,2363951,22,2026-07-01,Active,489943.43
LN-722-0,EXT-10722,368130.84,16.8695,36,13100.98,1310098,22,2026-07-01,Active,368130.84
LN-723-0,EXT-10723,810723.35,11.5695,24,38000.79,3800079,22,2026-07-01,Active,810723.35
LN-724-0,EXT-10724,720235.14,13.7101,12,64569.64,6456964,22,2026-07-01,Active,720235.14
LN-725-0,EXT-10725,237220.53,14.0748,36,8116.26,811626,23,2026-07-01,Active,237220.53
LN-726-0,EXT-10726,184999.74,17.3272,36,6625.91,662591,28,2026-07-01,Active,184999.74
LN-727-0,EXT-10727,337920.45,15.2145,36,11749.64,1174964,27,2026-07-01,Active,337920.45
LN-728-0,EXT-10728,523006.87,18.7652,12,48139.93,4813993,26,2026-07-01,Active,523006.87
LN-729-0,EXT-10729,178002.16,15.5093,36,6214.99,621499,22,2026-07-01,Active,178002.16
LN-731-0,EXT-10731,521564.15,17.1582,12,47608.31,4760831,20,2026-07-01,Active,521564.15
LN-731-1,EXT-10731,290141.47,16.0209,24,14209.12,1420912,20,2026-07-01,Active,290141.47
LN-732-0,EXT-10732,321529.78,11.4866,12,28490.37,2849037,21,2026-07-01,Active,321529.78
LN-733-0,EXT-10733,224596.89,13.8675,12,20151.91,2015191,23,2026-07-01,Active,224596.89
LN-734-0,EXT-10734,731691.19,14.243,12,65780.12,6578012,28,2026-07-01,Active,731691.19
LN-735-0,EXT-10735,535310.01,18.6791,12,49250.39,4925039,26,2026-07-01,Active,535310.01
LN-736-0,EXT-10736,845504.48,11.163,24,39471.14,3947114,22,2026-07-01,Active,845504.48
LN-737-0,EXT-10737,192074.77,19.5479,24,9733.43,973343,28,2026-07-01,Active,192074.77
LN-738-0,EXT-10738,396061.56,14.1517,36,13565.65,1356565,21,2026-07-01,Active,396061.56
LN-739-0,EXT-10739,152266.56,12.0034,36,5057.67,505767,23,2026-07-01,Active,152266.56
LN-741-0,EXT-10741,939866.44,11.0528,12,83090.12,8309012,20,2026-07-01,Active,939866.44
LN-741-1,EXT-10741,891018.08,15.187,12,80500.42,8050042,20,2026-07-01,Active,891018.08
LN-742-0,EXT-10742,55421.74,13.0799,36,1869.51,186951,21,2026-07-01,Active,55421.74
LN-743-0,EXT-10743,658739.13,12.2757,24,31094.03,3109403,20,2026-07-01,Active,658739.13
LN-744-0,EXT-10744,564441.13,16.2566,24,27706.06,2770606,21,2026-07-01,Active,564441.13
LN-745-0,EXT-10745,638794.77,17.3929,24,31704.2,3170420,26,2026-07-01,Active,638794.77
LN-746-0,EXT-10746,252306.03,10.0031,24,11643.01,1164301,24,2026-07-01,Active,252306.03
LN-747-0,EXT-10747,587679.6,15.1973,36,20428.93,2042893,25,2026-07-01,Active,587679.6
LN-748-0,EXT-10748,243853.86,11.4308,36,8033.3,803330,26,2026-07-01,Active,243853.86
LN-749-0,EXT-10749,614699.09,19.9496,36,22828.63,2282863,28,2026-07-01,Active,614699.09
LN-751-0,EXT-10751,160639.2,12.4918,12,14309.58,1430958,24,2026-07-01,Active,160639.2
LN-751-1,EXT-10751,92264.83,16.9134,36,3285.52,328552,24,2026-07-01,Active,92264.83
LN-752-0,EXT-10752,466039.91,18.4255,36,16948.11,1694811,22,2026-07-01,Active,466039.91
LN-753-0,EXT-10753,873148.65,10.5239,36,28389.29,2838929,20,2026-07-01,Active,873148.65
LN-754-0,EXT-10754,426683.6,17.9491,24,21291.31,2129131,23,2026-07-01,Active,426683.6
LN-755-0,EXT-10755,96729.58,15.1087,24,4695.09,469509,28,2026-07-01,Active,96729.58
LN-756-0,EXT-10756,403793.33,10.8849,12,35666.24,3566624,23,2026-07-01,Active,403793.33
LN-757-0,EXT-10757,722731.92,12.6963,24,34256.98,3425698,23,2026-07-01,Active,722731.92
LN-758-0,EXT-10758,365104.93,18.3079,36,13255.88,1325588,27,2026-07-01,Active,365104.93
LN-759-0,EXT-10759,475237.94,16.7768,24,23445.89,2344589,20,2026-07-01,Active,475237.94
LN-761-0,EXT-10761,100175.91,16.4943,12,9112.49,911249,23,2026-07-01,Active,100175.91
LN-761-1,EXT-10761,98600.95,15.3246,24,4796.05,479605,23,2026-07-01,Active,98600.95
LN-762-0,EXT-10762,265127.52,18.9115,36,9706.66,970666,21,2026-07-01,Active,265127.52
LN-763-0,EXT-10763,212018.25,15.9604,36,7449.79,744979,27,2026-07-01,Active,212018.25
LN-764-0,EXT-10764,134050.73,10.9625,24,6245.48,624548,25,2026-07-01,Active,134050.73
LN-765-0,EXT-10765,365676.0,12.7314,36,12273.81,1227381,20,2026-07-01,Active,365676.0
LN-766-0,EXT-10766,196705.14,13.0782,36,6635.18,663518,20,2026-07-01,Active,196705.14
LN-767-0,EXT-10767,369500.67,11.5542,36,12194.19,1219419,25,2026-07-01,Active,369500.67
