merchant_id,merchant_name,merchant_category,merchant_location,merchant_age_days,merchant_risk_score,previous_fraud_reports,is_high_risk
MCH-10000,Merchant 1,retail,Online,1339,8.35,0,1
MCH-10001,Merchant 2,utilities,Online,1548,20.63,0,0
MCH-10002,Merchant 3,food,Online,487,10.47,0,0
MCH-10003,Merchant 4,healthcare,Online,239,50.75,0,0
MCH-10004,Merchant 5,retail,Online,1857,40.9,0,0
MCH-10005,Merchant 6,utilities,Online,1239,31.64,0,0
MCH-10006,Merchant 7,food,Online,91,7.03,0,0
MCH-10007,Merchant 8,healthcare,Online,506,37.9,0,0
MCH-10008,Merchant 9,retail,Online,84,42.09,0,0
MCH-10009,Merchant 10,utilities,Online,1496,48.74,0,0
MCH-10010,Merchant 11,food,Online,1146,31.46,0,0
MCH-10011,Merchant 12,healthcare,Online,949,44.19,0,0
MCH-10012,Merchant 13,retail,Online,1687,65.2,0,0
MCH-10013,Merchant 14,utilities,Online,1584,60.44,0,0
MCH-10014,Merchant 15,food,Online,1459,31.7,0,0
MCH-10015,Merchant 16,healthcare,Online,599,11.66,0,0
MCH-10016,Merchant 17,retail,Online,1990,57.26,0,0
MCH-10017,Merchant 18,utilities,Online,239,6.96,0,1
MCH-10018,Merchant 19,food,Online,228,26.92,0,0
MCH-10019,Merchant 20,healthcare,Online,734,45.28,0,0
MCH-10020,Merchant 21,retail,Online,1682,3.26,0,0
MCH-10021,Merchant 22,utilities,Online,970,40.22,0,0
MCH-10022,Merchant 23,food,Online,1918,28.39,0,0
MCH-10023,Merchant 24,healthcare,Online,1160,21.99,0,0
MCH-10024,Merchant 25,retail,Online,1317,46.39,0,0
MCH-10025,Merchant 26,utilities,Online,1794,27.12,0,0
MCH-10026,Merchant 27,food,Online,423,52.84,0,0
MCH-10027,Merchant 28,healthcare,Online,123,49.59,0,0
MCH-10028,Merchant 29,retail,Online,1613,21.7,0,0
MCH-10029,Merchant 30,utilities,Online,193,64.15,0,0
MCH-10030,Merchant 31,food,Online,1804,7.58,0,0
MCH-10031,Merchant 32,healthcare,Online,599,34.01,0,0
MCH-10032,Merchant 33,retail,Online,1738,27.36,0,0
MCH-10033,Merchant 34,utilities,Online,788,26.65,0,0
MCH-10034,Merchant 35,food,Online,1402,20.02,0,1
MCH-10035,Merchant 36,healthcare,Online,1948,51.27,0,0
MCH-10036,Merchant 37,retail,Online,176,45.68,0,0
MCH-10037,Merchant 38,utilities,Online,380,40.06,0,0
MCH-10038,Merchant 39,food,Online,531,12.26,0,0
MCH-10039,Merchant 40,healthcare,Online,807,20.25,0,0
MCH-10040,Merchant 41,retail,Online,1925,48.0,0,0
MCH-10041,Merchant 42,utilities,Online,1170,16.47,0,0
MCH-10042,Merchant 43,food,Online,694,63.21,0,0
MCH-10043,Merchant 44,healthcare,Online,1619,4.2,0,0
MCH-10044,Merchant 45,retail,Online,1713,2.41,0,0
MCH-10045,Merchant 46,utilities,Online,676,30.09,0,0
MCH-10046,Merchant 47,food,Online,165,15.82,0,0
MCH-10047,Merchant 48,healthcare,Online,1961,42.54,0,0
MCH-10048,Merchant 49,retail,Online,1500,23.6,0,0
MCH-10049,Merchant 50,utilities,Online,1372,37.44,0,0
MCH-10050,Merchant 51,food,Online,1841,68.59,0,0
MCH-10051,Merchant 52,healthcare,Online,969,10.72,0,1
MCH-10052,Merchant 53,retail,Online,315,18.5,0,0
MCH-10053,Merchant 54,utilities,Online,1179,40.42,0,0
MCH-10054,Merchant 55,food,Online,1559,43.84,0,0
MCH-10055,Merchant 56,healthcare,Online,1868,43.76,0,0
MCH-10056,Merchant 57,retail,Online,771,16.45,0,0
MCH-10057,Merchant 58,utilities,Online,313,38.21,0,0
MCH-10058,Merchant 59,food,Online,216,56.68,0,0
MCH-10059,Merchant 60,healthcare,Online,1793,8.22,0,0
MCH-10060,Merchant 61,retail,Online,1315,12.0,0,0
MCH-10061,Merchant 62,utilities,Online,1423,31.66,0,0
MCH-10062,Merchant 63,food,Online,160,28.86,0,0
MCH-10063,Merchant 64,healthcare,Online,1250,74.71,0,0
MCH-10064,Merchant 65,retail,Online,1113,18.86,0,0
MCH-10065,Merchant 66,utilities,Online,1163,64.56,0,0
MCH-10066,Merchant 67,food,Online,53,51.02,0,0
MCH-10067,Merchant 68,healthcare,Online,264,51.13,0,0
MCH-10068,Merchant 69,retail,Online,1129,56.32,0,1
MCH-10069,Merchant 70,utilities,Online,1604,48.07,0,0
MCH-10070,Merchant 71,food,Online,258,22.01,0,0
MCH-10071,Merchant 72,healthcare,Online,353,34.03,0,0
MCH-10072,Merchant 73,retail,Online,1983,54.16,0,0
MCH-10073,Merchant 74,utilities,Online,1503,19.75,0,0
MCH-10074,Merchant 75,food,Online,1055,57.15,0,0
MCH-10075,Merchant 76,healthcare,Online,1069,68.45,0,0
MCH-10076,Merchant 77,retail,Online,1812,46.9,0,0
MCH-10077,Merchant 78,utilities,Online,1753,47.92,0,0
MCH-10078,Merchant 79,food,Online,1277,14.92,0,0
MCH-10079,Merchant 80,healthcare,Online,795,57.19,0,0
MCH-10080,Merchant 81,retail,Online,1134,71.51,0,0
MCH-10081,Merchant 82,utilities,Online,1919,39.78,0,0
MCH-10082,Merchant 83,food,Online,31,44.92,0,0
MCH-10083,Merchant 84,healthcare,Online,1030,1.46,0,0
MCH-10084,Merchant 85,retail,Online,1932,27.22,0,0
MCH-10085,Merchant 86,utilities,Online,1733,60.51,0,1
MCH-10086,Merchant 87,food,Online,520,4.34,0,0
MCH-10087,Merchant 88,healthcare,Online,1828,42.55,0,0
MCH-10088,Merchant 89,retail,Online,191,6.42,0,0
MCH-10089,Merchant 90,utilities,Online,1025,61.2,0,0
MCH-10090,Merchant 91,food,Online,1587,39.95,0,0
MCH-10091,Merchant 92,healthcare,Online,287,9.63,0,0
MCH-10092,Merchant 93,retail,Online,1003,71.01,0,0
MCH-10093,Merchant 94,utilities,Online,368,19.88,0,0
MCH-10094,Merchant 95,food,Online,1816,45.49,0,0
MCH-10095,Merchant 96,healthcare,Online,463,69.67,0,0
MCH-10096,Merchant 97,retail,Online,1576,54.74,0,0
MCH-10097,Merchant 98,utilities,Online,441,53.47,0,0
MCH-10098,Merchant 99,food,Online,847,74.64,0,0
MCH-10099,Merchant 100,healthcare,Online,1360,28.01,0,0
MCH-10100,Merchant 101,retail,Online,1872,38.82,0,0
MCH-10101,Merchant 102,utilities,Online,277,18.59,0,0
MCH-10102,Merchant 103,food,Online,161,25.36,0,1
MCH-10103,Merchant 104,healthcare,Online,1234,41.54,0,0
MCH-10104,Merchant 105,retail,Online,1235,16.52,0,0
MCH-10105,Merchant 106,utilities,Online,175,53.09,0,0
MCH-10106,Merchant 107,food,Online,150,17.17,0,0
MCH-10107,Merchant 108,healthcare,Online,1884,2.36,0,0
MCH-10108,Merchant 109,retail,Online,706,5.31,0,0
MCH-10109,Merchant 110,utilities,Online,517,20.89,0,0
MCH-10110,Merchant 111,food,Online,1024,16.07,0,0
MCH-10111,Merchant 112,healthcare,Online,300,54.25,0,0
MCH-10112,Merchant 113,retail,Online,1837,42.83,0,0
MCH-10113,Merchant 114,utilities,Online,998,18.22,0,0
MCH-10114,Merchant 115,food,Online,998,60.56,0,0
MCH-10115,Merchant 116,healthcare,Online,419,7.07,0,0
MCH-10116,Merchant 117,retail,Online,1379,32.33,0,0
MCH-10117,Merchant 118,utilities,Online,897,30.83,0,0
MCH-10118,Merchant 119,food,Online,1799,54.68,0,0
MCH-10119,Merchant 120,healthcare,Online,1409,49.01,0,1
MCH-10120,Merchant 121,retail,Online,1353,7.38,0,0
MCH-10121,Merchant 122,utilities,Online,854,54.62,0,0
MCH-10122,Merchant 123,food,Online,1669,64.63,0,0
MCH-10123,Merchant 124,healthcare,Online,539,14.37,0,0
MCH-10124,Merchant 125,retail,Online,1128,33.65,0,0
MCH-10125,Merchant 126,utilities,Online,894,13.76,0,0
MCH-10126,Merchant 127,food,Online,977,18.74,0,0
MCH-10127,Merchant 128,healthcare,Online,1920,5.65,0,0
MCH-10128,Merchant 129,retail,Online,1684,64.6,0,0
MCH-10129,Merchant 130,utilities,Online,1157,7.34,0,0
MCH-10130,Merchant 131,food,Online,1365,74.95,0,0
MCH-10131,Merchant 132,healthcare,Online,1742,1.11,0,0
MCH-10132,Merchant 133,retail,Online,221,69.48,0,0
MCH-10133,Merchant 134,utilities,Online,1768,17.73,0,0
MCH-10134,Merchant 135,food,Online,862,36.42,0,0
MCH-10135,Merchant 136,healthcare,Online,467,64.85,0,0
MCH-10136,Merchant 137,retail,Online,1878,4.4,0,1
MCH-10137,Merchant 138,utilities,Online,806,0.16,0,0
MCH-10138,Merchant 139,food,Online,829,19.89,0,0
MCH-10139,Merchant 140,healthcare,Online,1635,58.88,0,0
MCH-10140,Merchant 141,retail,Online,614,31.73,0,0
MCH-10141,Merchant 142,utilities,Online,1990,54.79,0,0
MCH-10142,Merchant 143,food,Online,1634,41.68,0,0
MCH-10143,Merchant 144,healthcare,Online,1501,36.5,0,0
MCH-10144,Merchant 145,retail,Online,418,22.25,0,0
MCH-10145,Merchant 146,utilities,Online,149,43.44,0,0
MCH-10146,Merchant 147,food,Online,1140,4.57,0,0
MCH-10147,Merchant 148,healthcare,Online,672,4.29,0,0
MCH-10148,Merchant 149,retail,Online,1226,35.76,0,0
MCH-10149,Merchant 150,utilities,Online,1912,63.95,0,0
MCH-10150,Merchant 151,food,Online,352,4.27,0,0
MCH-10151,Merchant 152,healthcare,Online,1070,6.01,0,0
MCH-10152,Merchant 153,retail,Online,410,5.14,0,0
MCH-10153,Merchant 154,utilities,Online,169,50.64,0,1
MCH-10154,Merchant 155,food,Online,511,30.28,0,0
MCH-10155,Merchant 156,healthcare,Online,1958,66.77,0,0
MCH-10156,Merchant 157,retail,Online,534,43.42,0,0
MCH-10157,Merchant 158,utilities,Online,111,46.45,0,0
MCH-10158,Merchant 159,food,Online,888,49.3,0,0
MCH-10159,Merchant 160,healthcare,Online,1187,39.21,0,0
MCH-10160,Merchant 161,retail,Online,1944,19.56,0,0
MCH-10161,Merchant 162,utilities,Online,1401,53.71,0,0
MCH-10162,Merchant 163,food,Online,518,19.92,0,0
MCH-10163,Merchant 164,healthcare,Online,298,50.38,0,0
MCH-10164,Merchant 165,retail,Online,644,34.29,0,0
MCH-10165,Merchant 166,utilities,Online,1932,56.39,0,0
MCH-10166,Merchant 167,food,Online,178,0.7,0,0
MCH-10167,Merchant 168,healthcare,Online,1302,74.88,0,0
MCH-10168,Merchant 169,retail,Online,234,5.49,0,0
MCH-10169,Merchant 170,utilities,Online,466,37.94,0,0
MCH-10170,Merchant 171,food,Online,301,69.99,0,1
MCH-10171,Merchant 172,healthcare,Online,1834,5.16,0,0
MCH-10172,Merchant 173,retail,Online,530,27.71,0,0
MCH-10173,Merchant 174,utilities,Online,353,32.86,0,0
MCH-10174,Merchant 175,food,Online,1142,52.77,0,0
MCH-10175,Merchant 176,healthcare,Online,1282,73.79,0,0
MCH-10176,Merchant 177,retail,Online,1682,49.05,0,0
MCH-10177,Merchant 178,utilities,Online,46,50.09,0,0
MCH-10178,Merchant 179,food,Online,1165,22.45,0,0
MCH-10179,Merchant 180,healthcare,Online,1388,7.77,0,0
MCH-10180,Merchant 181,retail,Online,1828,10.07,0,0
MCH-10181,Merchant 182,utilities,Online,266,66.73,0,0
MCH-10182,Merchant 183,food,Online,1550,41.49,0,0
MCH-10183,Merchant 184,healthcare,Online,587,21.13,0,0
MCH-10184,Merchant 185,retail,Online,461,53.82,0,0
MCH-10185,Merchant 186,utilities,Online,446,51.56,0,0
MCH-10186,Merchant 187,food,Online,1776,19.8,0,0
MCH-10187,Merchant 188,healthcare,Online,1030,18.83,0,1
MCH-10188,Merchant 189,retail,Online,1889,63.46,0,0
MCH-10189,Merchant 190,utilities,Online,219,47.57,0,0
MCH-10190,Merchant 191,food,Online,1728,20.75,0,0
MCH-10191,Merchant 192,healthcare,Online,37,25.02,0,0
MCH-10192,Merchant 193,retail,Online,297,47.78,0,0
MCH-10193,Merchant 194,utilities,Online,566,12.12,0,0
MCH-10194,Merchant 195,food,Online,934,41.38,0,0
MCH-10195,Merchant 196,healthcare,Online,905,42.07,0,0
MCH-10196,Merchant 197,retail,Online,259,5.64,0,0
MCH-10197,Merchant 198,utilities,Online,1838,51.83,0,0
MCH-10198,Merchant 199,food,Online,335,40.92,0,0
MCH-10199,Merchant 200,healthcare,Online,1739,27.69,0,0
MCH-10200,Merchant 201,retail,Online,1161,11.11,0,0
MCH-10201,Merchant 202,utilities,Online,291,3.14,0,0
MCH-10202,Merchant 203,food,Online,776,67.42,0,0
MCH-10203,Merchant 204,healthcare,Online,1660,72.91,0,0
MCH-10204,Merchant 205,retail,Online,111,67.42,0,1
MCH-10205,Merchant 206,utilities,Online,460,51.16,0,0
MCH-10206,Merchant 207,food,Online,1395,7.71,0,0
MCH-10207,Merchant 208,healthcare,Online,1627,41.99,0,0
MCH-10208,Merchant 209,retail,Online,1821,30.48,0,0
MCH-10209,Merchant 210,utilities,Online,1301,56.21,0,0
MCH-10210,Merchant 211,food,Online,1925,69.74,0,0
MCH-10211,Merchant 212,healthcare,Online,1800,12.19,0,0
MCH-10212,Merchant 213,retail,Online,1668,60.81,0,0
MCH-10213,Merchant 214,utilities,Online,1835,30.92,0,0
MCH-10214,Merchant 215,food,Online,397,55.24,0,0
MCH-10215,Merchant 216,healthcare,Online,710,58.68,0,0
MCH-10216,Merchant 217,retail,Online,873,60.17,0,0
MCH-10217,Merchant 218,utilities,Online,1799,55.13,0,0
MCH-10218,Merchant 219,food,Online,538,20.01,0,0
MCH-10219,Merchant 220,healthcare,Online,1642,52.6,0,0
MCH-10220,Merchant 221,retail,Online,813,65.41,0,0
MCH-10221,Merchant 222,utilities,Online,1788,35.3,0,1
MCH-10222,Merchant 223,food,Online,438,61.24,0,0
MCH-10223,Merchant 224,healthcare,Online,972,26.22,0,0
MCH-10224,Merchant 225,retail,Online,1710,59.65,0,0
MCH-10225,Merchant 226,utilities,Online,496,16.72,0,0
MCH-10226,Merchant 227,food,Online,1381,14.48,0,0
MCH-10227,Merchant 228,healthcare,Online,702,20.9,0,0
MCH-10228,Merchant 229,retail,Online,172,72.52,0,0
MCH-10229,Merchant 230,utilities,Online,601,26.34,0,0
MCH-10230,Merchant 231,food,Online,1073,29.98,0,0
MCH-10231,Merchant 232,healthcare,Online,1757,40.22,0,0
MCH-10232,Merchant 233,retail,Online,1953,2.07,0,0
MCH-10233,Merchant 234,utilities,Online,1826,72.78,0,0
MCH-10234,Merchant 235,food,Online,395,43.54,0,0
MCH-10235,Merchant 236,healthcare,Online,573,2.87,0,0
MCH-10236,Merchant 237,retail,Online,1251,32.59,0,0
MCH-10237,Merchant 238,utilities,Online,1522,58.98,0,0
MCH-10238,Merchant 239,food,Online,923,45.47,0,1
MCH-10239,Merchant 240,healthcare,Online,1077,8.67,0,0
MCH-10240,Merchant 241,retail,Online,1872,43.24,0,0
MCH-10241,Merchant 242,utilities,Online,551,3.33,0,0
MCH-10242,Merchant 243,food,Online,923,0.13,0,0
MCH-10243,Merchant 244,healthcare,Online,1925,60.49,0,0
MCH-10244,Merchant 245,retail,Online,1436,53.96,0,0
MCH-10245,Merchant 246,utilities,Online,1549,55.28,0,0
MCH-10246,Merchant 247,food,Online,433,27.32,0,0
MCH-10247,Merchant 248,healthcare,Online,173,71.17,0,0
MCH-10248,Merchant 249,retail,Online,1915,24.77,0,0
MCH-10249,Merchant 250,utilities,Online,672,49.75,0,0
MCH-10250,Merchant 251,food,Online,285,53.98,0,0
MCH-10251,Merchant 252,healthcare,Online,645,38.03,0,0
MCH-10252,Merchant 253,retail,Online,1395,30.63,0,0
MCH-10253,Merchant 254,utilities,Online,854,52.29,0,0
MCH-10254,Merchant 255,food,Online,1165,9.55,0,0
MCH-10255,Merchant 256,healthcare,Online,891,49.87,0,1
MCH-10256,Merchant 257,retail,Online,806,50.8,0,0
MCH-10257,Merchant 258,utilities,Online,1878,13.05,0,0
MCH-10258,Merchant 259,food,Online,1195,22.57,0,0
MCH-10259,Merchant 260,healthcare,Online,1152,62.53,0,0
MCH-10260,Merchant 261,retail,Online,652,21.52,0,0
MCH-10261,Merchant 262,utilities,Online,910,58.93,0,0
MCH-10262,Merchant 263,food,Online,1272,49.1,0,0
MCH-10263,Merchant 264,healthcare,Online,982,33.13,0,0
MCH-10264,Merchant 265,retail,Online,1413,16.03,0,0
MCH-10265,Merchant 266,utilities,Online,999,59.53,0,0
MCH-10266,Merchant 267,food,Online,1995,59.7,0,0
MCH-10267,Merchant 268,healthcare,Online,377,49.41,0,0
MCH-10268,Merchant 269,retail,Online,611,38.66,0,0
MCH-10269,Merchant 270,utilities,Online,1326,46.44,0,0
MCH-10270,Merchant 271,food,Online,221,61.38,0,0
MCH-10271,Merchant 272,healthcare,Online,1568,17.62,0,0
MCH-10272,Merchant 273,retail,Online,665,16.85,0,1
MCH-10273,Merchant 274,utilities,Online,437,11.05,0,0
MCH-10274,Merchant 275,food,Online,124,18.36,0,0
MCH-10275,Merchant 276,healthcare,Online,1003,45.85,0,0
MCH-10276,Merchant 277,retail,Online,1603,5.46,0,0
MCH-10277,Merchant 278,utilities,Online,878,66.46,0,0
MCH-10278,Merchant 279,food,Online,1208,14.58,0,0
MCH-10279,Merchant 280,healthcare,Online,1456,28.8,0,0
MCH-10280,Merchant 281,retail,Online,848,18.3,0,0
MCH-10281,Merchant 282,utilities,Online,1373,51.57,0,0
MCH-10282,Merchant 283,food,Online,1858,56.32,0,0
MCH-10283,Merchant 284,healthcare,Online,1607,66.41,0,0
MCH-10284,Merchant 285,retail,Online,1624,31.89,0,0
MCH-10285,Merchant 286,utilities,Online,390,60.31,0,0
MCH-10286,Merchant 287,food,Online,1455,38.85,0,0
MCH-10287,Merchant 288,healthcare,Online,132,41.81,0,0
MCH-10288,Merchant 289,retail,Online,1908,63.63,0,0
MCH-10289,Merchant 290,utilities,Online,964,10.0,0,1
MCH-10290,Merchant 291,food,Online,981,50.07,0,0
MCH-10291,Merchant 292,healthcare,Online,1174,44.66,0,0
MCH-10292,Merchant 293,retail,Online,1975,56.64,0,0
MCH-10293,Merchant 294,utilities,Online,936,45.95,0,0
MCH-10294,Merchant 295,food,Online,1503,66.9,0,0
MCH-10295,Merchant 296,healthcare,Online,903,62.29,0,0
MCH-10296,Merchant 297,retail,Online,1152,33.44,0,0
MCH-10297,Merchant 298,utilities,Online,355,55.77,0,0
MCH-10298,Merchant 299,food,Online,1002,33.76,0,0
MCH-10299,Merchant 300,healthcare,Online,1569,18.54,0,0
MCH-10300,Merchant 301,retail,Online,1335,20.8,0,0
MCH-10301,Merchant 302,utilities,Online,1622,39.1,0,0
MCH-10302,Merchant 303,food,Online,1313,17.94,0,0
MCH-10303,Merchant 304,healthcare,Online,930,5.81,0,0
MCH-10304,Merchant 305,retail,Online,615,17.59,0,0
MCH-10305,Merchant 306,utilities,Online,717,23.98,0,0
MCH-10306,Merchant 307,food,Online,1136,6.04,0,1
MCH-10307,Merchant 308,healthcare,Online,338,17.34,0,0
MCH-10308,Merchant 309,retail,Online,1451,11.46,0,0
MCH-10309,Merchant 310,utilities,Online,468,4.82,0,0
MCH-10310,Merchant 311,food,Online,864,24.82,0,0
MCH-10311,Merchant 312,healthcare,Online,984,31.18,0,0
MCH-10312,Merchant 313,retail,Online,453,62.47,0,0
MCH-10313,Merchant 314,utilities,Online,827,67.86,0,0
MCH-10314,Merchant 315,food,Online,1226,70.95,0,0
MCH-10315,Merchant 316,healthcare,Online,70,64.25,0,0
MCH-10316,Merchant 317,retail,Online,1597,43.18,0,0
MCH-10317,Merchant 318,utilities,Online,1006,0.44,0,0
MCH-10318,Merchant 319,food,Online,750,22.4,0,0
MCH-10319,Merchant 320,healthcare,Online,828,64.01,0,0
MCH-10320,Merchant 321,retail,Online,1982,62.68,0,0
MCH-10321,Merchant 322,utilities,Online,1132,56.06,0,0
MCH-10322,Merchant 323,food,Online,1148,59.99,0,0
MCH-10323,Merchant 324,healthcare,Online,1868,16.54,0,1
MCH-10324,Merchant 325,retail,Online,479,20.47,0,0
MCH-10325,Merchant 326,utilities,Online,1024,2.18,0,0
MCH-10326,Merchant 327,food,Online,718,50.17,0,0
MCH-10327,Merchant 328,healthcare,Online,1664,30.32,0,0
MCH-10328,Merchant 329,retail,Online,368,63.04,0,0
MCH-10329,Merchant 330,utilities,Online,1913,9.57,0,0
MCH-10330,Merchant 331,food,Online,1304,40.06,0,0
MCH-10331,Merchant 332,healthcare,Online,1887,29.55,0,0
MCH-10332,Merchant 333,retail,Online,1185,49.72,0,0
MCH-10333,Merchant 334,utilities,Online,201,48.21,0,0
MCH-10334,Merchant 335,food,Online,307,65.01,0,0
MCH-10335,Merchant 336,healthcare,Online,402,3.77,0,0
MCH-10336,Merchant 337,retail,Online,806,24.55,0,0
MCH-10337,Merchant 338,utilities,Online,961,24.51,0,0
MCH-10338,Merchant 339,food,Online,1588,65.97,0,0
MCH-10339,Merchant 340,healthcare,Online,599,56.4,0,0
MCH-10340,Merchant 341,retail,Online,1733,31.62,0,1
MCH-10341,Merchant 342,utilities,Online,1739,6.14,0,0
MCH-10342,Merchant 343,food,Online,69,56.18,0,0
MCH-10343,Merchant 344,healthcare,Online,136,74.99,0,0
MCH-10344,Merchant 345,retail,Online,746,16.82,0,0
MCH-10345,Merchant 346,utilities,Online,170,58.59,0,0
MCH-10346,Merchant 347,food,Online,1364,3.02,0,0
MCH-10347,Merchant 348,healthcare,Online,93,71.22,0,0
MCH-10348,Merchant 349,retail,Online,438,62.94,0,0
MCH-10349,Merchant 350,utilities,Online,1302,11.43,0,0
MCH-10350,Merchant 351,food,Online,288,35.52,0,0
MCH-10351,Merchant 352,healthcare,Online,264,42.3,0,0
MCH-10352,Merchant 353,retail,Online,476,34.88,0,0
MCH-10353,Merchant 354,utilities,Online,554,57.52,0,0
MCH-10354,Merchant 355,food,Online,373,45.44,0,0
MCH-10355,Merchant 356,healthcare,Online,1561,53.88,0,0
MCH-10356,Merchant 357,retail,Online,1622,61.45,0,0
MCH-10357,Merchant 358,utilities,Online,667,8.11,0,1
MCH-10358,Merchant 359,food,Online,82,69.67,0,0
MCH-10359,Merchant 360,healthcare,Online,1209,50.8,0,0
MCH-10360,Merchant 361,retail,Online,1992,28.15,0,0
MCH-10361,Merchant 362,utilities,Online,1958,53.63,0,0
MCH-10362,Merchant 363,food,Online,185,44.41,0,0
MCH-10363,Merchant 364,healthcare,Online,1731,47.04,0,0
MCH-10364,Merchant 365,retail,Online,238,52.29,0,0
MCH-10365,Merchant 366,utilities,Online,647,63.77,0,0
MCH-10366,Merchant 367,food,Online,1259,60.41,0,0
MCH-10367,Merchant 368,healthcare,Online,1660,73.79,0,0
MCH-10368,Merchant 369,retail,Online,1632,3.08,0,0
MCH-10369,Merchant 370,utilities,Online,1121,32.13,0,0
MCH-10370,Merchant 371,food,Online,788,5.17,0,0
MCH-10371,Merchant 372,healthcare,Online,1356,25.59,0,0
MCH-10372,Merchant 373,retail,Online,1769,31.5,0,0
MCH-10373,Merchant 374,utilities,Online,1033,7.92,0,0
MCH-10374,Merchant 375,food,Online,1997,27.16,0,1
MCH-10375,Merchant 376,healthcare,Online,1855,62.15,0,0
MCH-10376,Merchant 377,retail,Online,1478,11.47,0,0
MCH-10377,Merchant 378,utilities,Online,390,55.03,0,0
MCH-10378,Merchant 379,food,Online,1362,20.26,0,0
MCH-10379,Merchant 380,healthcare,Online,1685,68.97,0,0
MCH-10380,Merchant 381,retail,Online,1616,36.26,0,0
MCH-10381,Merchant 382,utilities,Online,922,61.93,0,0
MCH-10382,Merchant 383,food,Online,1243,20.13,0,0
MCH-10383,Merchant 384,healthcare,Online,1774,18.41,0,0
MCH-10384,Merchant 385,retail,Online,1944,6.5,0,0
MCH-10385,Merchant 386,utilities,Online,1835,33.81,0,0
MCH-10386,Merchant 387,food,Online,1566,34.85,0,0
MCH-10387,Merchant 388,healthcare,Online,1279,50.11,0,0
MCH-10388,Merchant 389,retail,Online,718,2.15,0,0
MCH-10389,Merchant 390,utilities,Online,1772,24.38,0,0
MCH-10390,Merchant 391,food,Online,1028,15.91,0,0
MCH-10391,Merchant 392,healthcare,Online,1663,19.38,0,1
MCH-10392,Merchant 393,retail,Online,602,66.02,0,0
MCH-10393,Merchant 394,utilities,Online,1466,66.01,0,0
MCH-10394,Merchant 395,food,Online,1168,0.76,0,0
MCH-10395,Merchant 396,healthcare,Online,1971,14.33,0,0
MCH-10396,Merchant 397,retail,Online,524,54.01,0,0
MCH-10397,Merchant 398,utilities,Online,1030,41.64,0,0
MCH-10398,Merchant 399,food,Online,522,51.8,0,0
MCH-10399,Merchant 400,healthcare,Online,1352,53.39,0,0
